eta,first_iteration_below_tol_gd,max_error_after_first_gd,first_iteration_below_tol_momentum,max_error_after_first_momentum,first_iteration_below_tol_adagrad,max_error_after_first_adagrad,first_iteration_below_tol_rmsprop,max_error_after_first_rmsprop,first_iteration_below_tol_adam,max_error_after_first_adam
0.0001,nan,0.922401,nan,0.519894,nan,0.995946,nan,0.00012103,14741,4.78535e-05
0.000177828,nan,0.874965,nan,0.346703,nan,0.993377,nan,0.00021522,10893,9.17487e-05
0.000316228,nan,0.797594,nan,0.217083,nan,0.98859,nan,0.000382724,8261,0.000180749
0.000562341,nan,0.679505,nan,0.139469,nan,0.976234,nan,0.000680593,6213,0.000337223
0.001,nan,0.519814,nan,0.0733221,nan,0.932845,nan,0.00121029,4486,0.000630427
0.00177828,nan,0.346743,nan,0.0235276,nan,0.810265,nan,0.00215223,3045,0.00108947
0.00316228,nan,0.217146,nan,0.00309797,nan,0.563016,nan,0.00382727,1941,0.00184803
0.00562341,nan,0.139467,15348,9.99661e-07,nan,0.220812,nan,0.00680597,1202,0.00337107
0.01,nan,0.0733662,8581,9.99783e-07,nan,0.0163948,nan,0.0121029,766,0.00593641
0.0177828,nan,0.0236153,4775,9.99425e-07,12156,9.99651e-07,nan,0.0215224,505,0.0109697
0.0316228,nan,0.00314501,2633,9.99197e-07,5129,9.9901e-07,nan,0.0382728,354,0.0197619
0.0562341,15454,9.99475e-07,1425,9.99498e-07,4901,9.97603e-07,nan,0.0680597,386,0.040301
0.1,8688,9.98968e-07,738,9.90027e-07,5302,9.99168e-07,nan,0.121029,414,0.0748684
0.177828,4883,9.98577e-07,308,9.72415e-07,5617,9.98038e-07,nan,0.215224,441,0.134121
0.316228,nan,inf,244,1.56147e-06,5803,9.99628e-07,nan,0.382728,486,0.238976
0.562341,nan,inf,253,1.0675e-06,5915,9.99379e-07,nan,0.680597,513,0.461862
1,nan,inf,nan,inf,5981,9.99878e-07,nan,1.21029,528,0.736079
1.77828,nan,inf,nan,inf,6020,9.98595e-07,nan,2.15224,536,1.35184
3.16228,nan,inf,nan,inf,6042,9.98503e-07,nan,3.82728,540,2.35798
5.62341,nan,inf,nan,inf,6054,9.99467e-07,nan,6.80597,543,4.51735
10,nan,inf,nan,inf,6061,9.9956e-07,nan,12.1029,544,7.76369
