degree,error,bias2_y,variance,bias2_f,error_inside,bias2_y_inside,variance_inside,bias2_f_inside
1.0000000000e+00,9.3380406430e-02,9.2988361133e-02,3.9204529644e-04,8.5840566725e-02,9.3380406430e-02,9.2988361133e-02,3.9204529644e-04,8.5840566725e-02
2.0000000000e+00,4.4585314141e-02,4.4181210096e-02,4.0410404443e-04,3.7793785450e-02,4.4585314141e-02,4.4181210096e-02,4.0410404443e-04,3.7793785450e-02
3.0000000000e+00,4.4756332629e-02,4.4237023250e-02,5.1930937893e-04,3.7901533091e-02,4.4756332629e-02,4.4237023250e-02,5.1930937893e-04,3.7901533091e-02
4.0000000000e+00,2.7969026704e-02,2.7446608583e-02,5.2241812028e-04,1.7649347314e-02,2.7969026704e-02,2.7446608583e-02,5.2241812028e-04,1.7649347314e-02
5.0000000000e+00,2.8140945969e-02,2.7525919655e-02,6.1502631351e-04,1.7763266165e-02,2.8140945969e-02,2.7525919655e-02,6.1502631351e-04,1.7763266165e-02
6.0000000000e+00,2.0232551891e-02,1.9887593497e-02,3.4495839364e-04,8.1709810327e-03,2.0232551891e-02,1.9887593497e-02,3.4495839364e-04,8.1709810327e-03
7.0000000000e+00,2.0473432905e-02,2.0042141875e-02,4.3129103034e-04,8.2657204133e-03,2.0473432905e-02,2.0042141875e-02,4.3129103034e-04,8.2657204133e-03
8.0000000000e+00,1.6112684585e-02,1.5728684046e-02,3.8400053852e-04,3.7411883575e-03,1.6112684585e-02,1.5728684046e-02,3.8400053852e-04,3.7411883575e-03
9.0000000000e+00,1.6260866295e-02,1.5837936559e-02,4.2292973630e-04,3.7891316022e-03,1.6260866295e-02,1.5837936559e-02,4.2292973630e-04,3.7891316022e-03
1.0000000000e+01,1.5931719345e-02,1.5541532197e-02,3.9018714793e-04,2.3150499903e-03,1.5931719345e-02,1.5541532197e-02,3.9018714793e-04,2.3150499903e-03
1.1000000000e+01,1.5874511940e-02,1.5480501464e-02,3.9401047681e-04,2.2448067919e-03,1.5874511940e-02,1.5480501464e-02,3.9401047681e-04,2.2448067919e-03
1.2000000000e+01,1.4099054597e-02,1.3629977266e-02,4.6907733065e-04,1.3132605498e-03,1.4099054597e-02,1.3629977266e-02,4.6907733065e-04,1.3132605498e-03
1.3000000000e+01,1.4102382416e-02,1.3526767174e-02,5.7561524135e-04,1.3669458818e-03,1.4102382416e-02,1.3526767174e-02,5.7561524135e-04,1.3669458818e-03
1.4000000000e+01,1.3315207287e-02,1.2717580525e-02,5.9762676158e-04,8.5981378769e-04,1.3315207287e-02,1.2717580525e-02,5.9762676158e-04,8.5981378769e-04
1.5000000000e+01,1.3013867614e-02,1.2572897344e-02,4.4097027059e-04,1.0501233292e-03,1.3013867614e-02,1.2572897344e-02,4.4097027059e-04,1.0501233292e-03
1.6000000000e+01,1.2997708193e-02,1.2443583055e-02,5.5412513797e-04,9.8122387452e-04,1.2997708193e-02,1.2443583055e-02,5.5412513797e-04,9.8122387452e-04
1.7000000000e+01,1.3563065995e-02,1.2503456662e-02,1.0596093334e-03,9.9524586601e-04,1.3563065995e-02,1.2503456662e-02,1.0596093334e-03,9.9524586601e-04
1.8000000000e+01,1.3241532492e-02,1.1904259056e-02,1.3372734356e-03,8.9315376363e-04,1.3241532492e-02,1.1904259056e-02,1.3372734356e-03,8.9315376363e-04
1.9000000000e+01,1.2482990331e-02,1.1909207242e-02,5.7378308906e-04,9.1892217867e-04,1.2482990331e-02,1.1909207242e-02,5.7378308906e-04,9.1892217867e-04
2.0000000000e+01,1.3626411989e-02,1.1922018158e-02,1.7043938316e-03,8.8935956862e-04,1.3626411989e-02,1.1922018158e-02,1.7043938316e-03,8.8935956862e-04
