lambda,near_zero_own,exact_zero_own,exact_zero_sklearn,max_abs_diff_own_sklearn,cost_own_minus_sklearn,theta_1,theta_2,theta_3,theta_4,theta_5,theta_6,theta_7,theta_8
1e-05,0,0,0,0.862141,0.000103808,-0.134319,-2.05468,0.544697,5.58301,-0.794217,-6.16569,0.368161,2.41326
1.77828e-05,0,0,0,1.13338,0.000179374,-0.133018,-2.00776,0.539909,5.36082,-0.794734,-5.83544,0.372211,2.25757
3.16228e-05,0,0,0,1.46358,0.00029919,-0.130007,-1.94563,0.525383,5.06727,-0.780923,-5.4003,0.369933,2.05299
5.62341e-05,0,0,0,1.8406,0.000473674,-0.123895,-1.86466,0.492569,4.68565,-0.738356,-4.83668,0.354019,1.78892
0.0001,0,0,0,2.22033,0.000690908,-0.11258,-1.76158,0.428417,4.2016,-0.644579,-4.12511,0.312902,1.45705
0.000177828,0,0,0,2.4926,0.000873651,-0.0935925,-1.63536,0.317515,3.61155,-0.4726,-3.26275,0.232459,1.0571
0.000316228,0,0,0,2.41544,0.000818939,-0.0664835,-1.4914,0.157274,2.94235,-0.217103,-2.29055,0.109515,0.608712
0.000562341,1,0,1,1.37839,0.000276906,-0.0419286,-1.35126,0.0177433,2.29511,-9.3993e-05,-1.35139,0.00704412,0.175311
0.001,1,0,2,0.221647,0.000103089,-0.0379198,-1.20906,0.0128361,1.7663,9.86698e-05,-0.703722,0.00827256,-0.0829111
0.00177828,3,0,2,0.000302066,2.44379e-07,-0.0299824,-1.06004,0.000110309,1.20488,-1.3683e-05,-0.000302066,0.0137642,-0.371786
0.00316228,3,0,3,0.000432335,1.10414e-06,-0.0218227,-0.956511,0.000261117,1.02043,0.000265883,-0.000391723,0.00653446,-0.282929
0.00562341,4,0,4,0.000557376,3.58192e-06,-0.0111202,-0.775594,0.000279412,0.698692,3.65311e-05,1.15995e-05,0.000519125,-0.129086
0.01,6,0,5,0.00117015,1.49059e-05,-0.00194758,-0.591105,-3.85971e-05,0.393753,0.000310493,0.000336651,-0.00117015,0.000280913
0.0177828,6,0,6,0.00199743,0.00011617,0.00123712,-0.380554,0.00130812,0.000642662,0.00189735,0.188035,-0.00138767,0.00100107
0.0316228,6,0,6,0.00465377,0.000437424,-0.00224134,-0.286691,0.00114927,0.000654907,-0.00331951,0.00309254,-0.00306896,0.092703
0.0562341,6,0,6,0.00861904,0.000935625,-0.0043502,-0.206925,-0.000113858,-0.00169021,-0.00384227,0.00861904,-0.000863594,0.011954
0.1,7,0,7,0.0179953,0.0059976,0.00359552,-0.163362,-0.000205863,-0.000110259,0.00942402,0.00726439,0.010428,0.0179953
0.177828,7,0,7,0.0289238,0.0222346,0.0144876,-0.0996464,0.0133816,0.00901945,0.0144951,0.0114439,0.0104158,-0.00495637
0.316228,8,0,7,0.0554116,0.0535947,0.0338376,-0.00395874,0.0101051,-0.0130933,0.00625344,0.0208565,0.0244254,0.00412784
0.562341,8,0,8,0.0797054,0.262112,0.0702457,-0.011006,0.0409063,0.00790679,0.0222644,-0.00265619,0.0797054,0.0711132
1,8,0,8,0.165686,0.984051,0.101692,0.0503231,0.113992,0.0205432,0.0205686,0.0345335,0.165686,0.116611
