log10_lambda,deg_1,deg_2,deg_3,deg_4,deg_5,deg_6,deg_7,deg_8,deg_9,deg_10,deg_11,deg_12,deg_13,deg_14,deg_15
-8.0000000000e+00,1.0010666421e-01,5.4146405146e-02,5.3853905335e-02,3.3830705298e-02,3.3352044721e-02,2.4580789860e-02,2.3767163558e-02,1.8876494310e-02,1.8577577820e-02,1.5295888661e-02,1.5280587703e-02,1.4646720709e-02,1.4582382079e-02,1.4615596938e-02,1.4619136638e-02
-7.0000000000e+00,1.0010666421e-01,5.4146405146e-02,5.3853905335e-02,3.3830705298e-02,3.3352044722e-02,2.4580789907e-02,2.3767163750e-02,1.8876505999e-02,1.8577634997e-02,1.5304576819e-02,1.5289314982e-02,1.5058239745e-02,1.5032601837e-02,1.4826119638e-02,1.4806149109e-02
-6.0000000000e+00,1.0010666421e-01,5.4146405146e-02,5.3853905335e-02,3.3830705320e-02,3.3352044761e-02,2.4580794606e-02,2.3767182858e-02,1.8877649757e-02,1.8582614880e-02,1.5743174567e-02,1.5727305877e-02,1.5774360902e-02,1.5758097411e-02,1.5749978109e-02,1.5741407498e-02
-5.0000000000e+00,1.0010666421e-01,5.4146405151e-02,5.3853905344e-02,3.3830707488e-02,3.3352048692e-02,2.4581259599e-02,2.3768997388e-02,1.8970732530e-02,1.8790134300e-02,1.8470927257e-02,1.8298039671e-02,1.7162612743e-02,1.7138311274e-02,1.6804391275e-02,1.6799400788e-02
-4.0000000000e+00,1.0010666422e-01,5.4146405676e-02,5.3853906285e-02,3.3830923198e-02,3.3352435675e-02,2.4623252198e-02,2.3888015986e-02,2.1332578929e-02,2.1375063197e-02,2.0864439263e-02,2.0703303331e-02,2.0852897335e-02,2.0543880261e-02,2.0296746980e-02,2.0112926850e-02
-3.0000000000e+00,1.0010666570e-01,5.4146458045e-02,5.3853999471e-02,3.3851459409e-02,3.3386050919e-02,2.6492230253e-02,2.6343022960e-02,2.6658605405e-02,2.6451298684e-02,2.6240905336e-02,2.6221840304e-02,2.5745266679e-02,2.5767440900e-02,2.5566169661e-02,2.5524066921e-02
-2.0000000000e+00,1.0010681090e-01,5.4151588179e-02,5.3862523434e-02,3.5179397793e-02,3.4956759317e-02,3.5475294238e-02,3.5428296192e-02,3.4289949060e-02,3.4309101738e-02,3.3644550918e-02,3.3622962563e-02,3.3503364961e-02,3.3460637533e-02,3.3526103891e-02,3.3488371926e-02
-1.0000000000e+00,1.0011903149e-01,5.4574036076e-02,5.4383222154e-02,4.9542944902e-02,4.9546176913e-02,4.6746771494e-02,4.6735337828e-02,4.6310610587e-02,4.6287940234e-02,4.6459050641e-02,4.6438049534e-02,4.6581364689e-02,4.6567484062e-02,4.6581782922e-02,4.6574573273e-02
0.0000000000e+00,1.0048077466e-01,6.6164756072e-02,6.6231720429e-02,6.5573111283e-02,6.5600650638e-02,6.6168857057e-02,6.6175463774e-02,6.6318751615e-02,6.6312246189e-02,6.6154954633e-02,6.6141727488e-02,6.5885162611e-02,6.5872949204e-02,6.5629875013e-02,6.5623526274e-02
1.0000000000e+00,1.0134339297e-01,9.3218676327e-02,9.2984413209e-02,8.9521742905e-02,8.9368834275e-02,8.7677667525e-02,8.7597288417e-02,8.6740950378e-02,8.6709419977e-02,8.6280737400e-02,8.6275858441e-02,8.6072429922e-02,8.6078642385e-02,8.5993477131e-02,8.6001735441e-02
