degree,mse_train,mse_test,r2_train,r2_test
1.0000000000e+00,1.0010666421e-01,1.1210477481e-01,1.4728307650e-02,-6.0689210381e-02
2.0000000000e+00,5.4146405146e-02,5.6845377163e-02,4.6707923338e-01,4.6215245231e-01
3.0000000000e+00,5.3853905335e-02,5.9295154501e-02,4.6995808051e-01,4.3897366804e-01
4.0000000000e+00,3.3830705298e-02,4.0378594010e-02,6.6703079633e-01,6.1795437287e-01
5.0000000000e+00,3.3352044721e-02,4.8778380072e-02,6.7174187846e-01,5.3847905649e-01
6.0000000000e+00,2.4580789860e-02,1.8738177234e-02,7.5807048795e-01,8.2270708408e-01
7.0000000000e+00,2.3767163556e-02,2.4852221816e-02,7.6607837605e-01,7.6485851224e-01
8.0000000000e+00,1.8876494191e-02,1.8864130639e-02,8.1421341401e-01,8.2151536483e-01
9.0000000000e+00,1.8577577234e-02,2.8631383067e-02,8.1715542011e-01,7.2910164488e-01
1.0000000000e+01,1.5295793291e-02,3.3631888225e-02,8.4945545573e-01,6.8178892447e-01
1.1000000000e+01,1.5280491848e-02,2.7025417540e-02,8.4960605587e-01,7.4429662930e-01
1.2000000000e+01,1.4627636338e-02,2.6762649895e-02,8.5603160265e-01,7.4678282854e-01
1.3000000000e+01,1.4545592437e-02,6.2548153376e-02,8.5683909667e-01,4.0819513239e-01
1.4000000000e+01,1.4432845327e-02,1.4525825111e-02,8.5794877840e-01,8.6256262507e-01
1.5000000000e+01,1.4169680505e-02,4.2936570686e-01,8.6053890416e-01,-3.0624814897e+00
