singular_value,lambda_1e-06,lambda_1e-04,lambda_1e-02,lambda_1e+00
2.5757241219e+01,9.9999989449e-01,9.9998944897e-01,9.9894599818e-01,9.0455874802e-01
1.7066224459e+01,9.9999975966e-01,9.9997596674e-01,9.9760237858e-01,8.0623160128e-01
7.5755932673e+00,9.9999878027e-01,9.9987804158e-01,9.8794965297e-01,4.5050465137e-01
5.4405438831e+00,9.9999763510e-01,9.9976356557e-01,9.7689732207e-01,2.9718535204e-01
2.4563272304e+00,9.9998839833e-01,9.9884116387e-01,8.9604284818e-01,7.9353706113e-02
1.3326371959e+00,9.9996058541e-01,9.9607386055e-01,7.1727702674e-01,2.4742585662e-02
6.4556704347e-01,9.9983206454e-01,9.8348109134e-01,3.7318492690e-01,5.9184322951e-03
2.8072630839e-01,9.9911254524e-01,9.1842182139e-01,1.0118968357e-01,1.1245519623e-03
1.1108128909e-01,9.9435895703e-01,6.3803811504e-01,1.7321881678e-02,1.7624111626e-04
4.0843829751e-02,9.5972888168e-01,1.9245228330e-01,2.3775031915e-03,2.3831123903e-05
1.7715213952e-02,8.1762702792e-01,4.2908962419e-02,4.4812595788e-04,4.4832485483e-06
4.7327457343e-03,2.4241507749e-01,3.1896339928e-03,3.1997379257e-05,3.1998392883e-07
1.8183367959e-03,4.5103169941e-02,4.7211253352e-04,4.7233329805e-06,4.7233550674e-08
3.5584276563e-04,1.8056490744e-03,1.8088826195e-05,1.8089150135e-07,1.8089153374e-09
1.3338377564e-04,2.5409587036e-04,2.5415980551e-06,2.5416044502e-08,2.5416045142e-10
