lambda,theta_1,theta_2,theta_3,theta_4,theta_5,theta_6,theta_7,theta_8,theta_9,theta_10,theta_11,theta_12,theta_13,theta_14,theta_15
1e-08,-0.0683138,-3.71134,0.0178164,20.7972,-0.683352,-54.3127,7.36044,67.746,-16.5566,-32.096,9.97503,-5.7837,4.62212,7.14129,-4.70263
1.42083e-08,-0.0671665,-3.6715,-0.0188903,20.2401,-0.370639,-51.3779,6.16145,60.1408,-14.0902,-21.6986,7.14138,-12.983,6.34149,9.13118,-5.13341
2.01876e-08,-0.0654637,-3.63162,-0.0668904,19.7165,0.00621321,-48.8108,4.89682,53.9511,-11.9717,-13.8069,5.35721,-18.0903,6.99285,10.4528,-5.18465
2.86832e-08,-0.0634194,-3.58906,-0.123677,19.1928,0.440544,-46.4497,3.53808,48.789,-10.0232,-7.92573,4.27693,-21.4289,6.86918,11.1912,-4.94897
4.07539e-08,-0.0613966,-3.54116,-0.183766,18.6357,0.90427,-44.1388,2.12683,44.2942,-8.18316,-3.61057,3.65508,-23.2801,6.22353,11.4184,-4.51399
5.79044e-08,-0.0598585,-3.4854,-0.239633,18.015,1.35467,-41.7408,0.752049,40.1592,-6.46827,-0.494507,3.31162,-23.8683,5.28406,11.1901,-3.96474
8.22724e-08,-0.0592791,-3.41976,-0.283323,17.3063,1.74491,-39.1469,-0.479883,36.1422,-4.93367,1.70993,3.11337,-23.3698,4.24987,10.5503,-3.37898
1.16895e-07,-0.0600317,-3.3431,-0.308355,16.4959,2.03595,-36.2904,-1.47723,32.0789,-3.6368,3.22294,2.96614,-21.9378,3.27632,9.54247,-2.81932
1.66088e-07,-0.0622933,-3.25575,-0.311288,15.5857,2.20597,-33.1627,-2.18715,27.8952,-2.61146,4.21389,2.81133,-19.7345,2.46277,8.22312,-2.32718
2.35983e-07,-0.0660009,-3.15989,-0.29236,14.5973,2.254,-29.8241,-2.60498,23.6154,-1.8572,4.81611,2.62217,-16.9572,1.85138,6.67331,-1.92203
3.35292e-07,-0.0708791,-3.05942,-0.255031,13.5707,2.19728,-26.4,-2.76829,19.3533,-1.3428,5.13698,2.39701,-13.8447,1.43748,5.00011,-1.60553
4.76394e-07,-0.0765333,-2.9592,-0.204637,12.5564,2.06403,-23.0543,-2.74052,15.2786,-1.01801,5.26288,2.15016,-10.6562,1.1868,3.32482,-1.36802
6.76875e-07,-0.0825757,-2.86375,-0.146666,11.6028,1.88447,-19.9465,-2.59162,11.565,-0.827148,5.26042,1.90198,-7.6299,1.05312,1.76173,-1.19481
9.61725e-07,-0.0887332,-2.77613,-0.0853131,10.7436,1.68357,-17.1925,-2.38236,8.34257,-0.719772,5.17659,1.67097,-4.94474,0.991958,0.397836,-1.07081
1.36645e-06,-0.0949007,-2.69723,-0.0227533,9.99227,1.47723,-14.8441,-2.15621,5.67295,-0.656341,5.03985,1.46946,-2.70119,0.968005,-0.716968,-0.983144
1.94149e-06,-0.101133,-2.6259,0.0408052,9.34218,1.27227,-12.8913,-1.93863,3.55143,-0.609177,4.86296,1.30307,-0.927307,0.957177,-1.56721,-0.922179
2.75853e-06,-0.107588,-2.55945,0.106531,8.77239,1.06875,-11.2798,-1.74099,1.92673,-0.560652,4.64697,1.17232,0.399937,0.945213,-2.16147,-0.881559
3.91941e-06,-0.114455,-2.49436,0.17615,8.25443,0.86312,-9.9332,-1.5658,0.724486,-0.500538,4.38569,1.07479,1.3307,0.925005,-2.52093,-0.857555
5.56881e-06,-0.121864,-2.42702,0.251081,7.75885,0.651223,-8.77099,-1.411,-0.134215,-0.423794,4.07022,1.00672,1.92414,0.893975,-2.67145,-0.848019
7.91234e-06,-0.129797,-2.3544,0.331551,7.26058,0.430794,-7.7228,-1.27286,-0.722012,-0.329304,3.69373,0.963453,2.2387,0.852053,-2.64038,-0.85106
1.12421e-05,-0.137991,-2.27466,0.415752,6.74343,0.203568,-6.73742,-1.14738,-1.101,-0.219493,3.25606,0.939248,2.32926,0.800374,-2.45732,-0.863656
1.59731e-05,-0.145868,-2.18758,0.499216,6.20287,-0.0232829,-5.78774,-1.03107,-1.32246,-0.100354,2.76733,0.92678,2.24811,0.740581,-2.15647,-0.880625
2.26951e-05,-0.152544,-2.09463,0.574812,5.64629,-0.237033,-4.87063,-0.921199,-1.42821,0.0188548,2.24876,0.917104,2.04613,0.674523,-1.7776,-0.894386
3.22459e-05,-0.156948,-1.99845,0.633758,5.08978,-0.421321,-4.00108,-0.815812,-1.4519,0.126883,1.72954,0.900426,1.77184,0.604078,-1.36373,-0.895823
4.5816e-05,-0.158066,-1.90194,0.667599,4.55213,-0.55996,-3.20202,-0.713673,-1.41977,0.212774,1.24043,0.867702,1.46807,0.531005,-0.955722,-0.876129
6.50968e-05,-0.155236,-1.80729,0.670577,4.0488,-0.641413,-2.49379,-0.614222,-1.35112,0.268452,0.80678,0.812603,1.16815,0.456903,-0.586296,-0.829081
9.24915e-05,-0.148397,-1.71551,0.641556,3.58825,-0.662233,-1.88759,-0.517749,-1.25913,0.290653,0.444313,0.733207,0.894009,0.383367,-0.276441,-0.752959
0.000131415,-0.138186,-1.62642,0.584768,3.17183,-0.628225,-1.38418,-0.425648,-1.15219,0.281505,0.158601,0.632738,0.656984,0.312281,-0.0354498,-0.651418
0.000186718,-0.125843,-1.5391,0.509041,2.79581,-0.553021,-0.976429,-0.34042,-1.03546,0.247674,-0.0526021,0.518965,0.460549,0.245972,0.136412,-0.532899
0.000265295,-0.112915,-1.4523,0.425653,2.45403,-0.45455,-0.652989,-0.265173,-0.912175,0.198416,-0.19624,0.402256,0.303377,0.186977,0.244487,-0.408606
0.000376939,-0.100847,-1.36492,0.345479,2.14001,-0.350634,-0.401201,-0.20267,-0.784642,0.143257,-0.281481,0.2929,0.181688,0.13748,0.297038,-0.289758
0.000535567,-0.0906154,-1.27638,0.276486,1.84854,-0.255268,-0.208769,-0.154359,-0.65502,0.0900789,-0.318403,0.198736,0.0906544,0.0986834,0.303779,-0.18517
0.00076095,-0.082543,-1.18691,0.222423,1.57669,-0.17672,-0.0645718,-0.119816,-0.526003,0.0441739,-0.317527,0.123916,0.0251595,0.070463,0.275363,-0.100026
0.00108118,-0.0763237,-1.09768,0.182965,1.3244,-0.117636,0.0409744,-0.0968359,-0.401225,0.00824693,-0.289588,0.0689906,-0.0197653,0.0514433,0.223111,-0.035961
0.00153617,-0.0712407,-1.01054,0.154951,1.09387,-0.0765061,0.115779,-0.0820638,-0.285079,-0.0170131,-0.245037,0.031879,-0.0486352,0.0394241,0.158402,0.00803805
0.00218264,-0.0664742,-0.927382,0.134106,0.888156,-0.0496005,0.166117,-0.0719086,-0.18194,-0.0322536,-0.193199,0.00911866,-0.0652937,0.0319628,0.0916126,0.034553
0.00310117,-0.0613911,-0.849422,0.11661,0.709421,-0.0326485,0.19682,-0.0633909,-0.0952032,-0.0389321,-0.141408,-0.00308238,-0.0728039,0.0269016,0.0309935,0.046887
0.00440624,-0.0557224,-0.77686,0.100079,0.557874,-0.0219177,0.211553,-0.0546664,-0.0266444,-0.0389779,-0.0945682,-0.00819215,-0.0734716,0.0226921,-0.0179778,0.0485551
0.00626052,-0.0495749,-0.708947,0.0837812,0.431663,-0.0146717,0.213145,-0.0451142,0.0236584,-0.034546,-0.0552793,-0.00906504,-0.0689832,0.0184772,-0.0525832,0.0429996
0.00889513,-0.0432913,-0.64445,0.0682143,0.327564,-0.00919606,0.203942,-0.035058,0.0570038,-0.0277637,-0.0243638,-0.00786643,-0.0606129,0.0139884,-0.0723922,0.0333798
0.0126385,-0.0372339,-0.582237,0.0543557,0.241919,-0.00461772,0.186135,-0.0253037,0.0756273,-0.0204567,-0.00148838,-0.00608213,-0.0494412,0.0093563,-0.078678,0.0223649
0.0179571,-0.0316026,-0.521757,0.0429622,0.171405,-0.000669872,0.162024,-0.0167008,0.0823259,-0.0139293,0.0143154,-0.00456621,-0.0365311,0.00492038,-0.0739105,0.0119711
0.0255141,-0.0263755,-0.463232,0.0341948,0.113468,0.00254086,0.134117,-0.00985788,0.0801559,-0.00888026,0.0242849,-0.00363901,-0.0230119,0.00107823,-0.0613144,0.00350069
0.0362512,-0.0213933,-0.407499,0.0276356,0.0663557,0.00475857,0.104996,-0.00503378,0.0721375,-0.00547167,0.0296864,-0.00324381,-0.0100406,-0.00182764,-0.0443952,-0.00240842
0.0515068,-0.0165272,-0.355589,0.0225676,0.0288964,0.00578207,0.0770127,-0.00215308,0.0609527,-0.00349581,0.0316623,-0.00313496,0.00133117,-0.003594,-0.0264256,-0.00566756
0.0731824,-0.0118232,-0.308271,0.0183055,0.000182961,0.00560822,0.0519602,-0.000883919,0.0487027,-0.00256107,0.0311497,-0.00304589,0.0103095,-0.0042059,-0.0100082,-0.00659834
0.10398,-0.00753401,-0.265799,0.0144098,-0.0206721,0.00447056,0.0309025,-0.000744471,0.0368083,-0.00224266,0.0288617,-0.00279498,0.0164508,-0.00383453,0.00315479,-0.00578441
0.147738,-0.00401615,-0.227933,0.0107297,-0.0346468,0.00276887,0.0142035,-0.00122051,0.0260679,-0.00218129,0.0253232,-0.00232044,0.0196704,-0.00278351,0.0122594,-0.00391883
0.20991,-0.00155464,-0.194144,0.00732278,-0.0428182,0.000938307,0.00169612,-0.00187314,0.0168178,-0.00213479,0.0209364,-0.00166501,0.0201938,-0.00140788,0.0172454,-0.00166449
0.298247,-0.000219638,-0.163893,0.0043349,-0.0463244,-0.000672372,-0.00711175,-0.00241023,0.00911566,-0.00199145,0.0160519,-0.000938428,0.0184886,-3.82356e-05,0.0185943,0.000446577
0.423759,0.000166572,-0.136812,0.00190165,-0.0463127,-0.00186614,-0.0128596,-0.00270462,0.00288986,-0.00175087,0.0110167,-0.000275144,0.0151895,0.00107083,0.0171325,0.00206263
0.602089,-5.67476e-05,-0.112758,8.8702e-05,-0.0438741,-0.0025998,-0.0162081,-0.00276333,-0.00196991,-0.00148086,0.00618216,0.000205828,0.0110082,0.00176724,0.0138465,0.00301788
0.855467,-0.000533642,-0.091726,-0.00112905,-0.0399672,-0.00294299,-0.0177583,-0.00266928,-0.00557543,-0.00126575,0.00187331,0.000433116,0.00663009,0.00200731,0.00970969,0.00330885
1.21547,-0.00100849,-0.073711,-0.00185404,-0.0353519,-0.00302002,-0.0180102,-0.00252159,-0.00803733,-0.00116452,-0.00165718,0.000398499,0.00261716,0.00184193,0.00553849,0.0030512
1.72698,-0.00136233,-0.0586041,-0.00222655,-0.030562,-0.00295556,-0.0173517,-0.00239324,-0.00947566,-0.00119081,-0.00426501,0.000151445,-0.000653396,0.0013859,0.0019063,0.00242567
2.45375,-0.00157757,-0.0461644,-0.00237795,-0.0259244,-0.00283756,-0.0160732,-0.00231242,-0.0100299,-0.00131453,-0.00592465,-0.000221647,-0.00300321,0.000780259,-0.00087532,0.00162595
3.48637,-0.00167853,-0.0360587,-0.00239865,-0.021613,-0.00270422,-0.0143954,-0.00226522,-0.00986288,-0.00147728,-0.00671552,-0.000622833,-0.00442643,0.000159406,-0.00272176,0.000820504
4.95354,-0.00169,-0.0279251,-0.0023325,-0.0177102,-0.00255351,-0.0124961,-0.00221302,-0.00915627,-0.00161363,-0.00679274,-0.000965346,-0.0050412,-0.00037131,-0.00371213,0.000131593
7.03814,-0.00162585,-0.0214253,-0.00219333,-0.0142532,-0.00236631,-0.0105269,-0.00211595,-0.0080987,-0.00167222,-0.00635146,-0.00119073,-0.00503523,-0.000748122,-0.00402023,-0.000372348
10,-0.00149636,-0.0162695,-0.00198807,-0.0112584,-0.00212967,-0.00861594,-0.00195243,-0.00686806,-0.00163013,-0.00559179,-0.00127775,-0.00461651,-0.000952154,-0.00385398,-0.000674606
