epoch,excess_cost_B1,excess_cost_B5,excess_cost_B14,excess_cost_B35,excess_cost_B70
0,2.04638,2.04638,2.04638,2.04638,2.04638
1,0.941819,1.06073,1.01559,1.37692,1.08074
2,0.832579,0.889654,0.870961,1.11059,0.908179
3,0.773448,0.820786,0.810115,0.980197,0.845943
4,0.748566,0.793785,0.785708,0.908502,0.815312
5,0.703077,0.760767,0.752573,0.866927,0.793951
6,0.671677,0.736807,0.726867,0.837608,0.775515
7,0.644624,0.715182,0.70417,0.817766,0.758197
8,0.609939,0.690531,0.6796,0.802732,0.741476
9,0.58758,0.672643,0.660885,0.789344,0.725197
10,0.557805,0.649639,0.635604,0.777725,0.709309
11,0.529425,0.628801,0.613716,0.766214,0.69379
12,0.505176,0.609463,0.593713,0.755724,0.678627
13,0.484139,0.591676,0.574454,0.745506,0.66381
14,0.461548,0.573154,0.555611,0.735348,0.649331
15,0.442589,0.557009,0.538479,0.726065,0.63518
16,0.420097,0.538361,0.520718,0.715938,0.62135
17,0.403285,0.523239,0.504358,0.706447,0.607833
18,0.384137,0.506894,0.487515,0.697065,0.59462
19,0.368146,0.492015,0.471444,0.687805,0.581705
20,0.348735,0.475296,0.455134,0.678748,0.569081
21,0.335913,0.461902,0.441619,0.669945,0.55674
22,0.319431,0.448028,0.427244,0.661079,0.544676
23,0.304945,0.434286,0.412543,0.652371,0.532882
24,0.292851,0.422394,0.400885,0.643952,0.521352
25,0.279104,0.408842,0.387543,0.635399,0.510079
26,0.26939,0.396837,0.374315,0.627064,0.499059
27,0.255939,0.385076,0.364107,0.61878,0.488284
28,0.246187,0.374345,0.351699,0.61063,0.47775
29,0.232509,0.361658,0.339148,0.6027,0.46745
30,0.222451,0.350726,0.328662,0.594723,0.45738
31,0.213059,0.340809,0.31786,0.58706,0.447534
32,0.203945,0.33021,0.308795,0.579413,0.437907
33,0.19543,0.320633,0.298555,0.57183,0.428494
34,0.188413,0.311712,0.288355,0.564177,0.419289
35,0.178223,0.30145,0.280032,0.556846,0.41029
36,0.172867,0.292879,0.27087,0.549729,0.40149
37,0.163656,0.283332,0.26186,0.542581,0.392885
38,0.157326,0.275758,0.25387,0.535482,0.384471
39,0.150651,0.267598,0.246509,0.528652,0.376244
40,0.143779,0.259209,0.238307,0.521254,0.368199
41,0.13712,0.251294,0.230128,0.51449,0.360332
42,0.132759,0.244392,0.222885,0.507999,0.35264
43,0.126685,0.236805,0.216021,0.501133,0.345117
44,0.123073,0.230342,0.210327,0.494703,0.337762
45,0.11599,0.223133,0.203232,0.488374,0.330569
46,0.111304,0.216515,0.19668,0.481919,0.323535
47,0.106584,0.210155,0.19041,0.475614,0.316657
48,0.104519,0.204551,0.185195,0.46949,0.30993
49,0.0985403,0.198083,0.178732,0.463297,0.303353
50,0.0954073,0.192724,0.173771,0.457409,0.296921
51,0.0925816,0.187134,0.16924,0.451467,0.290631
52,0.0868805,0.181672,0.163191,0.445607,0.28448
53,0.0863141,0.17694,0.159374,0.43969,0.278465
54,0.0807926,0.170951,0.153114,0.434071,0.272582
55,0.0778914,0.166869,0.148936,0.428462,0.26683
56,0.0746139,0.161948,0.144434,0.422807,0.261204
57,0.072125,0.156863,0.139905,0.417323,0.255703
58,0.0686392,0.152716,0.135482,0.41195,0.250323
59,0.0670655,0.14773,0.131018,0.406714,0.245061
60,0.0642183,0.144333,0.127851,0.401356,0.239916
61,0.0632839,0.141073,0.124054,0.396174,0.234884
62,0.0623299,0.1369,0.121207,0.39136,0.229963
63,0.0585648,0.132943,0.117527,0.3862,0.22515
64,0.0555271,0.129245,0.114613,0.381115,0.220444
65,0.0534839,0.125105,0.109801,0.376178,0.215841
66,0.0521741,0.122237,0.106884,0.371354,0.211339
67,0.0512229,0.11853,0.103313,0.366483,0.206937
68,0.0471912,0.114783,0.100344,0.36177,0.202631
69,0.0469399,0.112049,0.0986317,0.357157,0.19842
70,0.0453902,0.108705,0.0952719,0.352594,0.194302
71,0.045392,0.106029,0.0928203,0.348018,0.190275
72,0.0422766,0.103332,0.0893986,0.343637,0.186336
73,0.0415385,0.100105,0.0875731,0.339209,0.182483
74,0.0395472,0.0974087,0.084402,0.334772,0.178715
75,0.0392552,0.0950915,0.0821956,0.330502,0.17503
76,0.0369437,0.0920337,0.0794267,0.326365,0.171426
77,0.0349663,0.0896116,0.0773979,0.322021,0.167901
78,0.0336106,0.0871888,0.0758056,0.317954,0.164454
79,0.0332479,0.0850965,0.0734802,0.313963,0.161082
80,0.0349005,0.0836327,0.0734682,0.309985,0.157784
81,0.0327249,0.0811636,0.0702049,0.305911,0.154559
82,0.0355877,0.0795669,0.0680942,0.302054,0.151404
83,0.0295036,0.0765147,0.065962,0.298107,0.148318
84,0.0279244,0.0744519,0.0637748,0.294337,0.1453
85,0.0274181,0.0725448,0.0620465,0.290554,0.142348
86,0.0270997,0.0704847,0.0607017,0.286864,0.139461
87,0.0264112,0.069078,0.0588143,0.283188,0.136637
88,0.0299938,0.0680284,0.0592775,0.279593,0.133875
89,0.0270424,0.0656742,0.0567142,0.276082,0.131173
90,0.0238819,0.0635766,0.0544272,0.272527,0.12853
91,0.0261445,0.0629339,0.0527824,0.269072,0.125946
92,0.0242474,0.0613017,0.0521726,0.265687,0.123417
93,0.0222804,0.0590812,0.0505136,0.262308,0.120944
94,0.0258918,0.0587451,0.0506243,0.259034,0.118525
95,0.0214887,0.056344,0.0487871,0.255863,0.116159
96,0.0262004,0.0559867,0.0484908,0.252549,0.113844
97,0.0228493,0.0536369,0.0455572,0.249298,0.11158
98,0.0207856,0.0524493,0.0446637,0.246162,0.109365
99,0.0194618,0.0509278,0.0431992,0.243035,0.107199
100,0.0183028,0.0497217,0.0418556,0.239953,0.10508
101,0.0216495,0.0496948,0.0425082,0.23697,0.103006
102,0.0190129,0.0470915,0.0397331,0.233998,0.100979
103,0.0182381,0.046808,0.0391722,0.23111,0.0989948
104,0.018188,0.0454181,0.0386431,0.228171,0.0970542
105,0.0184344,0.0442236,0.0376176,0.225168,0.0951558
106,0.0160208,0.0428818,0.0363447,0.222361,0.0932986
107,0.0176929,0.0418566,0.0350422,0.219593,0.0914818
108,0.0162283,0.0413807,0.0346051,0.216861,0.0897045
109,0.0186342,0.0410703,0.034853,0.21406,0.0879658
110,0.0159184,0.0395653,0.0338766,0.211363,0.0862648
111,0.0178731,0.0389849,0.0341103,0.208766,0.0846006
112,0.0151164,0.0380106,0.032179,0.206147,0.0829726
113,0.0166885,0.0371053,0.0323531,0.203581,0.0813798
114,0.0167016,0.0371315,0.0312166,0.200983,0.0798215
115,0.015035,0.0356157,0.0303795,0.198464,0.078297
116,0.0149151,0.0347183,0.0291111,0.195979,0.0768054
117,0.0131732,0.0335129,0.0280196,0.193545,0.0753461
118,0.0146399,0.0334385,0.0278428,0.191129,0.0739183
119,0.0138578,0.0324358,0.0275126,0.188746,0.0725213
120,0.0137097,0.0317257,0.0266918,0.18639,0.0711545
121,0.0151951,0.0310577,0.028992,0.184052,0.0698172
122,0.0123158,0.0303366,0.02524,0.181774,0.0685087
123,0.0139027,0.0298848,0.0247268,0.179512,0.0672285
124,0.0120893,0.0293198,0.0247919,0.177279,0.0659757
125,0.0118877,0.0285367,0.0240268,0.175092,0.06475
126,0.0112858,0.027544,0.0232376,0.172912,0.0635506
127,0.0120365,0.0274585,0.0231473,0.170843,0.062377
128,0.0112195,0.0264914,0.0222306,0.168703,0.0612285
129,0.0138342,0.026922,0.0231541,0.166591,0.0601048
130,0.0146078,0.026463,0.0239607,0.164655,0.0590051
131,0.0108225,0.0252263,0.0212978,0.162527,0.057929
132,0.013826,0.0256859,0.0220634,0.160611,0.056876
133,0.0101441,0.0241676,0.0207073,0.158566,0.0558455
134,0.0110117,0.0238165,0.0203656,0.156579,0.054837
135,0.0137468,0.0243736,0.0212524,0.154681,0.0538501
136,0.0114277,0.023192,0.019627,0.152754,0.0528843
137,0.0106861,0.0227298,0.0197416,0.1509,0.0519391
138,0.00947648,0.0220063,0.0196121,0.149007,0.051014
139,0.00996867,0.0216025,0.0187809,0.147272,0.0501087
140,0.00893666,0.0210675,0.01779,0.145487,0.0492226
141,0.0116405,0.0213972,0.0184901,0.143716,0.0483554
142,0.00882659,0.0206096,0.0176719,0.141931,0.0475066
143,0.0113813,0.0208724,0.0172167,0.1402,0.0466758
144,0.0103379,0.0199425,0.0169899,0.138462,0.0458627
145,0.011084,0.020441,0.0176475,0.136791,0.0450668
146,0.0106253,0.0199455,0.0169375,0.135197,0.0442877
147,0.00912748,0.0189339,0.0164428,0.133449,0.0435252
148,0.013843,0.0193269,0.0165916,0.131858,0.0427787
149,0.00830253,0.0180857,0.0159143,0.130279,0.0420481
150,0.00933115,0.0186382,0.0171195,0.128888,0.0413328
151,0.00986639,0.0181364,0.0157149,0.127109,0.0406326
152,0.0114555,0.0179895,0.0152023,0.125616,0.0399472
153,0.00993783,0.017291,0.0154331,0.124095,0.0392762
154,0.00840791,0.0167719,0.0145448,0.122617,0.0386193
155,0.0102994,0.0172886,0.0154744,0.121153,0.0379761
156,0.008153,0.0164172,0.0138948,0.119626,0.0373465
157,0.00936039,0.0163215,0.014598,0.118202,0.0367301
158,0.0101497,0.0161538,0.014737,0.116878,0.0361265
159,0.00770787,0.0154685,0.0140403,0.115527,0.0355356
160,0.0117052,0.0166851,0.0150252,0.114132,0.034957
161,0.011019,0.0156774,0.0142625,0.112744,0.0343905
162,0.00892925,0.0151329,0.0132964,0.111387,0.0338357
163,0.00938887,0.0154122,0.0142498,0.109988,0.0332925
164,0.00764347,0.0146333,0.0129662,0.108633,0.0327606
165,0.0106886,0.0151238,0.0133945,0.107414,0.0322398
166,0.00906549,0.0146249,0.0128887,0.106143,0.0317297
167,0.00815936,0.0147504,0.012616,0.10492,0.0312302
168,0.00640257,0.0135451,0.0115102,0.103632,0.030741
169,0.0077678,0.0133916,0.0115563,0.102426,0.0302619
170,0.0125684,0.0142104,0.0137164,0.101195,0.0297927
171,0.00903049,0.0135978,0.0123109,0.0999866,0.0293332
172,0.00808775,0.0137199,0.0134982,0.0987903,0.0288831
173,0.00817645,0.0131476,0.0114594,0.0976402,0.0284422
174,0.00649417,0.0131274,0.0109375,0.0966738,0.0280104
175,0.00693643,0.0125145,0.0109508,0.095384,0.0275874
176,0.0103332,0.0139506,0.0127461,0.0942128,0.0271731
177,0.00790554,0.0125132,0.0119583,0.0931944,0.0267672
178,0.00774664,0.0132148,0.0116566,0.0920696,0.0263696
179,0.00702127,0.0121534,0.0108679,0.0909622,0.0259801
180,0.00797575,0.0121592,0.0112413,0.089954,0.0255985
181,0.00633425,0.0115755,0.0107705,0.0889063,0.0252246
182,0.00630169,0.0113965,0.00997336,0.0878378,0.0248583
183,0.00809153,0.0120685,0.0113409,0.0868404,0.0244994
184,0.00578709,0.0111862,0.0100427,0.0858598,0.0241478
185,0.00841089,0.0126037,0.0128539,0.0849263,0.0238032
186,0.00986022,0.011802,0.0116956,0.0839146,0.0234656
187,0.00872901,0.0115627,0.01059,0.0829447,0.0231347
188,0.00814527,0.0120194,0.0101226,0.0819777,0.0228105
189,0.00588241,0.0105985,0.00955743,0.0810197,0.0224928
190,0.00803836,0.0111015,0.00996289,0.0800924,0.0221814
191,0.00639908,0.0111275,0.0102697,0.0791919,0.0218762
192,0.00681332,0.010585,0.00913542,0.0782696,0.021577
193,0.00529056,0.0102276,0.00944791,0.0774201,0.0212838
194,0.00603751,0.0101037,0.00899347,0.0765092,0.0209965
195,0.00734238,0.0102591,0.00980255,0.0756196,0.0207147
196,0.00558579,0.0099508,0.00886262,0.0747272,0.0204386
197,0.00563326,0.00976827,0.00911042,0.0738742,0.0201679
198,0.00641558,0.00989143,0.00850593,0.0730277,0.0199025
199,0.00506079,0.00943722,0.00879732,0.0722664,0.0196423
200,0.00599866,0.00998345,0.00905367,0.0714339,0.0193872
201,0.00788074,0.0102195,0.00964082,0.0706092,0.0191371
202,0.00692464,0.0100194,0.00982588,0.0698503,0.0188918
203,0.00820854,0.0101211,0.00858211,0.0690508,0.0186513
204,0.00688275,0.00950088,0.00869142,0.0682635,0.0184155
205,0.00714553,0.00952923,0.00915289,0.0675019,0.0181842
206,0.0107057,0.0111362,0.0116541,0.0668251,0.0179574
207,0.00512836,0.00991086,0.0106117,0.0660713,0.0177349
208,0.00810206,0.0102026,0.00861285,0.0653343,0.0175168
209,0.00730568,0.00963127,0.00841927,0.0645798,0.0173028
210,0.00625171,0.00879162,0.00820894,0.0638502,0.0170929
211,0.00612847,0.00888489,0.00851566,0.0631463,0.0168869
212,0.00492529,0.00875265,0.00811797,0.0624289,0.0166849
213,0.00689594,0.00908449,0.00782022,0.0617777,0.0164868
214,0.00634354,0.0089066,0.00843179,0.0610429,0.0162923
215,0.00621469,0.00835314,0.00754498,0.0604875,0.0161015
216,0.00688233,0.00894332,0.00812171,0.059745,0.0159144
217,0.00594889,0.00824275,0.00756287,0.0590734,0.0157307
218,0.0083052,0.00877616,0.00768684,0.0584481,0.0155504
219,0.00628618,0.00873584,0.00826247,0.0578129,0.0153736
220,0.00541022,0.00824854,0.0072876,0.0571476,0.0152
221,0.00725184,0.00877858,0.00799938,0.0565419,0.0150296
222,0.00629191,0.00843594,0.00719924,0.0559298,0.0148623
223,0.00882473,0.00902331,0.00760006,0.0553106,0.0146982
224,0.0093664,0.0102605,0.00899379,0.054786,0.014537
225,0.00579011,0.00827401,0.00846292,0.0541883,0.0143788
226,0.0058904,0.00837171,0.00732244,0.0536354,0.0142235
227,0.00499254,0.00770534,0.00723255,0.0529541,0.014071
228,0.00512995,0.0081505,0.00740349,0.0524605,0.0139213
229,0.00821075,0.00791649,0.0080506,0.0518561,0.0137742
230,0.00534442,0.00762685,0.00698904,0.0513063,0.0136299
231,0.0130093,0.0104207,0.0102505,0.0508151,0.0134881
232,0.0109308,0.00881404,0.00876057,0.050232,0.0133488
233,0.00569552,0.00776675,0.00659798,0.0497143,0.013212
234,0.00722452,0.00800008,0.00735595,0.0491749,0.0130777
235,0.00491731,0.00719125,0.00660811,0.048716,0.0129457
236,0.0055921,0.00776241,0.00679929,0.048174,0.012816
237,0.00583312,0.00770852,0.0080765,0.0476807,0.0126886
238,0.0058314,0.00848114,0.00798585,0.0471052,0.0125635
239,0.00669194,0.00806958,0.00746977,0.0466311,0.0124405
240,0.00546089,0.00732143,0.00633828,0.046135,0.0123197
241,0.00826865,0.00846235,0.00825869,0.0457351,0.0122009
242,0.00831492,0.00886178,0.00922666,0.045377,0.0120842
243,0.0054184,0.00697964,0.00747214,0.0447428,0.0119695
244,0.00610607,0.0080493,0.00774853,0.0443523,0.0118568
245,0.00542521,0.00719799,0.00618327,0.0438514,0.0117459
246,0.00499459,0.00777059,0.00647165,0.0433705,0.011637
247,0.00483212,0.00647453,0.00570721,0.0429273,0.0115299
248,0.0100228,0.00918634,0.00958397,0.0424864,0.0114246
249,0.00548904,0.00681573,0.0062122,0.0420689,0.011321
250,0.00446475,0.00631019,0.00584777,0.0415915,0.0112192
251,0.0063975,0.00679813,0.00703144,0.041221,0.011119
252,0.00317648,0.00609074,0.00627451,0.0407942,0.0110205
253,0.00434909,0.00624296,0.00559086,0.0404055,0.0109237
254,0.00681574,0.00667711,0.00607904,0.0401079,0.0108284
255,0.00421338,0.0061278,0.00627485,0.0395932,0.0107346
256,0.00393494,0.00615508,0.00633642,0.0391515,0.0106424
257,0.00365117,0.00643858,0.00590604,0.0387542,0.0105517
258,0.00610643,0.00612098,0.00606393,0.0383763,0.0104624
259,0.00462658,0.00662563,0.00587592,0.0380989,0.0103745
260,0.00451152,0.00629741,0.00671231,0.0376319,0.0102881
261,0.00537391,0.00641622,0.00596158,0.0372732,0.010203
262,0.00438099,0.00639156,0.00598309,0.0369151,0.0101193
263,0.00643136,0.00689588,0.00714552,0.0365226,0.0100368
264,0.00707415,0.00680942,0.0074891,0.0361905,0.00995566
265,0.00374662,0.00629264,0.00545733,0.0358264,0.00987577
266,0.00540241,0.00660062,0.00627284,0.0354538,0.00979711
267,0.00415271,0.00629053,0.00541403,0.0351913,0.00971965
268,0.00566699,0.00649124,0.00664196,0.0349137,0.00964338
269,0.00474213,0.00597621,0.00547738,0.0345497,0.00956826
270,0.00553429,0.00610604,0.00566127,0.0341271,0.00949428
271,0.00359009,0.00576058,0.00503525,0.0338625,0.0094214
272,0.00402593,0.00585977,0.00572935,0.0335204,0.00934962
273,0.00850574,0.00679878,0.0091095,0.0331794,0.0092789
274,0.00323851,0.00535384,0.00477167,0.0328302,0.00920923
275,0.00506872,0.00602625,0.00513803,0.0325357,0.00914057
276,0.00423297,0.00590132,0.00597431,0.0322065,0.00907293
277,0.00559358,0.00568527,0.0049652,0.0319045,0.00900626
278,0.00434739,0.00556842,0.00519877,0.0316477,0.00894055
279,0.00373254,0.00527526,0.00582714,0.0313143,0.00887579
280,0.00447189,0.00563019,0.00646657,0.0310468,0.00881195
281,0.00477947,0.00586946,0.00497927,0.030785,0.00874902
282,0.00549937,0.00692852,0.0069732,0.030447,0.00868697
283,0.0038787,0.0054726,0.00495969,0.0302342,0.0086258
284,0.00420547,0.00537018,0.0056492,0.0299722,0.00856547
285,0.00358873,0.00510903,0.00459647,0.0296172,0.00850598
286,0.00425798,0.00559032,0.00504183,0.0293557,0.00844731
287,0.00307243,0.0050929,0.00473567,0.0290837,0.00838944
288,0.00334893,0.00498399,0.00466372,0.0288458,0.00833235
289,0.00561343,0.00613033,0.00569727,0.0285662,0.00827604
290,0.00411861,0.00564004,0.00478618,0.0283003,0.00822048
291,0.00984445,0.00703119,0.00773497,0.0280899,0.00816566
292,0.00286416,0.00479892,0.00468009,0.0278143,0.00811157
293,0.00617129,0.00601646,0.00537994,0.0275666,0.00805819
294,0.00403222,0.00524558,0.00482414,0.0273209,0.00800551
295,0.00646141,0.00662957,0.00599078,0.0271555,0.00795351
296,0.00306495,0.00513156,0.00477204,0.0269557,0.00790218
297,0.00453559,0.00499814,0.00476996,0.026618,0.00785151
298,0.00455658,0.00554401,0.0047247,0.0264401,0.00780148
299,0.00503799,0.0054202,0.00540745,0.0261674,0.00775208
300,0.00554396,0.0054066,0.00502402,0.0258605,0.00770331
301,0.00785768,0.00581138,0.00489552,0.025668,0.00765514
302,0.00299986,0.0050021,0.00473408,0.0254668,0.00760757
303,0.003784,0.00512136,0.00479249,0.0252632,0.00756059
304,0.00328845,0.00467676,0.00419232,0.0249853,0.00751418
305,0.00270951,0.00440907,0.0042625,0.0247973,0.00746833
306,0.0039337,0.00459868,0.00532583,0.0245751,0.00742303
307,0.00426087,0.00520773,0.00450804,0.0243858,0.00737828
308,0.00425362,0.00475988,0.00498377,0.0241679,0.00733405
309,0.00445977,0.0047622,0.00483395,0.02391,0.00729035
310,0.00519703,0.0055304,0.00565013,0.0238601,0.00724716
311,0.00441036,0.00476707,0.00471675,0.0235673,0.00720447
312,0.00511457,0.00526143,0.00489759,0.023455,0.00716227
313,0.00417958,0.00518378,0.00471056,0.0231744,0.00712056
314,0.00313093,0.00431308,0.0038736,0.0229301,0.00707932
315,0.00360672,0.00472718,0.00459811,0.0228024,0.00703855
316,0.00314579,0.00435178,0.00384292,0.0225548,0.00699823
317,0.00598861,0.00516612,0.00619525,0.0223819,0.00695836
318,0.00640461,0.00560754,0.00582589,0.0223062,0.00691893
319,0.00257849,0.00431696,0.00387897,0.0220667,0.00687994
320,0.00453001,0.00452353,0.00388064,0.0219035,0.00684137
321,0.00339789,0.00452834,0.00532744,0.0217209,0.00680321
322,0.00616356,0.00538377,0.00521178,0.0215319,0.00676546
323,0.00233296,0.00436794,0.00438731,0.0213275,0.00672812
324,0.00552835,0.00480549,0.00501082,0.0211599,0.00669117
325,0.00781498,0.00588812,0.00667438,0.0210961,0.0066546
326,0.00434155,0.00526018,0.00566823,0.0209904,0.00661842
327,0.00250868,0.00424478,0.00386502,0.020675,0.00658261
328,0.00498977,0.00490553,0.0055882,0.0205094,0.00654717
329,0.00387653,0.00435061,0.00406854,0.0202997,0.00651208
330,0.0030158,0.00457223,0.00530019,0.0201648,0.00647735
331,0.00328972,0.00427838,0.00387863,0.0200266,0.00644297
332,0.00542493,0.0050781,0.00438852,0.019866,0.00640893
333,0.00292035,0.00389491,0.00372255,0.0196973,0.00637523
334,0.00361883,0.00405608,0.00443976,0.0195632,0.00634185
335,0.00416714,0.0043347,0.00381139,0.0194192,0.0063088
336,0.00407645,0.00456926,0.00468479,0.0192942,0.00627607
337,0.00309582,0.00437822,0.00439741,0.0191174,0.00624365
338,0.00302867,0.00442896,0.00403484,0.0189559,0.00621154
339,0.00497418,0.00461845,0.00503881,0.0188188,0.00617973
340,0.00485103,0.00469113,0.00540215,0.0186748,0.00614821
341,0.00463044,0.00431866,0.004341,0.0185271,0.00611699
342,0.00741678,0.00517944,0.00505385,0.0183738,0.00608606
343,0.00435042,0.00424056,0.00342373,0.0182267,0.00605541
344,0.00370032,0.00466982,0.00448305,0.0183015,0.00602504
345,0.00385931,0.00517623,0.00589648,0.018233,0.00599494
346,0.00359309,0.00431293,0.00375404,0.0180531,0.00596511
347,0.00250744,0.00392367,0.00340076,0.0177241,0.00593554
348,0.00218066,0.00355152,0.00308459,0.0176088,0.00590623
349,0.0025293,0.00366323,0.00318916,0.0174653,0.00587718
350,0.00328109,0.00393121,0.00327409,0.017343,0.00584838
351,0.00653822,0.00567346,0.00585296,0.0173138,0.00581982
352,0.00272756,0.00371846,0.00338401,0.017091,0.00579151
353,0.00519448,0.00494137,0.00500932,0.0170772,0.00576344
354,0.00618458,0.00554123,0.0052667,0.0168538,0.00573561
355,0.00432609,0.00404952,0.00352783,0.0167187,0.005708
356,0.00362163,0.00374123,0.00340676,0.0166222,0.00568063
357,0.0038804,0.00404904,0.00371175,0.0165153,0.00565348
358,0.00252886,0.0041427,0.00435206,0.0163981,0.00562655
359,0.0061317,0.00468883,0.00493179,0.0163895,0.00559984
360,0.00431348,0.00424378,0.00406824,0.0162394,0.00557334
361,0.00397113,0.00391257,0.00383678,0.0160909,0.00554705
362,0.00242256,0.0035453,0.00293789,0.0159387,0.00552097
363,0.00247785,0.00338273,0.00367829,0.0158219,0.0054951
364,0.00323047,0.00362027,0.00338293,0.0157413,0.00546943
365,0.00348359,0.00361325,0.0031002,0.0156209,0.00544395
366,0.00519274,0.00391853,0.00409712,0.0155078,0.00541867
367,0.0045267,0.00454179,0.00512451,0.0154347,0.00539359
368,0.00296661,0.00359913,0.00313339,0.0153103,0.00536869
369,0.00324919,0.00420244,0.0038395,0.0151936,0.00534398
370,0.00339882,0.00376162,0.00374446,0.0150879,0.00531945
371,0.0051187,0.00458791,0.00426009,0.0150136,0.00529511
372,0.00268787,0.00344944,0.00323929,0.0149961,0.00527094
373,0.00413384,0.00363191,0.00358558,0.0148605,0.00524695
374,0.00423797,0.00379362,0.00406172,0.0147577,0.00522314
375,0.00315442,0.00375232,0.00309041,0.0146729,0.00519949
376,0.00194342,0.00335651,0.00297754,0.0145426,0.00517602
377,0.0027926,0.00353431,0.00387243,0.0144715,0.00515271
378,0.00273399,0.00360613,0.00422951,0.0143407,0.00512956
379,0.00349251,0.00338059,0.00354584,0.0142809,0.00510658
380,0.00360521,0.00345533,0.00316623,0.0141637,0.00508376
381,0.00428708,0.00383473,0.00353048,0.0140829,0.00506109
382,0.00983365,0.00610079,0.00628458,0.0140512,0.00503858
383,0.00327575,0.00363511,0.00273385,0.0139314,0.00501622
384,0.00409128,0.00365993,0.00380439,0.013809,0.00499401
385,0.00271959,0.00336384,0.00317022,0.0137204,0.00497195
386,0.00343325,0.00410618,0.00656101,0.0136415,0.00495004
387,0.00664376,0.00396104,0.00414469,0.0135673,0.00492828
388,0.0084165,0.00626016,0.0062617,0.0136029,0.00490665
389,0.00270636,0.00325179,0.00303172,0.0134147,0.00488517
390,0.00433338,0.0039861,0.00367377,0.0133497,0.00486383
391,0.00364852,0.00378334,0.00317495,0.0132391,0.00484262
392,0.00379263,0.00369777,0.00305175,0.0131472,0.00482156
393,0.00196419,0.00282608,0.00265184,0.0130407,0.00480062
394,0.00774871,0.00428232,0.00458384,0.0130012,0.00477982
395,0.00172228,0.00278742,0.00236664,0.0128875,0.00475915
396,0.00307792,0.00335379,0.002926,0.0128305,0.00473861
397,0.0028712,0.00300494,0.00328958,0.0128468,0.00471819
398,0.00929926,0.00513034,0.00634489,0.0127284,0.0046979
399,0.00555133,0.00397931,0.00431204,0.0126374,0.00467774
400,0.0023381,0.00339562,0.00270354,0.0125351,0.0046577
401,0.00297592,0.0032923,0.00344357,0.0124495,0.00463778
402,0.00346972,0.00308458,0.00289969,0.012381,0.00461798
403,0.00467074,0.00371913,0.00351935,0.0123161,0.0045983
404,0.00278265,0.00283683,0.00245771,0.01224,0.00457874
405,0.00711508,0.00455201,0.00438925,0.0122105,0.00455929
406,0.00308127,0.00334253,0.00362069,0.0121536,0.00453995
407,0.00595829,0.00467643,0.0049781,0.012051,0.00452073
408,0.00675217,0.00611528,0.00675213,0.0119797,0.00450163
409,0.0042058,0.0039954,0.00367061,0.0119633,0.00448263
410,0.00379272,0.00365076,0.00307174,0.0119173,0.00446374
411,0.0037145,0.00344571,0.00315974,0.0117727,0.00444496
412,0.00666245,0.00433283,0.00491672,0.0117272,0.00442629
413,0.00336946,0.00297272,0.00326923,0.0116446,0.00440772
414,0.00284023,0.00297007,0.00339118,0.0115801,0.00438926
415,0.0052248,0.00363977,0.00405327,0.0115458,0.0043709
416,0.004084,0.00342658,0.00446132,0.0114768,0.00435264
417,0.00389715,0.00306584,0.00362608,0.0113948,0.00433449
418,0.00620354,0.00469073,0.00435316,0.0114121,0.00431643
419,0.00284311,0.00270006,0.00222951,0.011306,0.00429848
420,0.00247511,0.00271921,0.00353075,0.0112337,0.00428062
421,0.0032785,0.00286189,0.00240948,0.0111638,0.00426286
422,0.00469202,0.00385539,0.00408004,0.0111967,0.00424519
423,0.00376149,0.00306086,0.00299033,0.01121,0.00422762
424,0.00256132,0.0025054,0.00231797,0.0109912,0.00421015
425,0.006854,0.00357291,0.00406884,0.0109665,0.00419276
426,0.00568803,0.00363437,0.00251483,0.0108643,0.00417547
427,0.00351037,0.0028431,0.00252057,0.0109026,0.00415827
428,0.00415958,0.0029791,0.00234229,0.0107698,0.00414117
429,0.0118962,0.00548775,0.00580316,0.010821,0.00412415
430,0.00123107,0.00238669,0.00245316,0.0108191,0.00410722
431,0.00162027,0.00238855,0.0022305,0.0106139,0.00409037
432,0.00372018,0.00327132,0.0027311,0.0106645,0.00407362
433,0.00738178,0.00496388,0.006142,0.0106021,0.00405695
434,0.00408847,0.0033889,0.00253323,0.0104396,0.00404036
435,0.00356194,0.00265356,0.00250479,0.0103943,0.00402387
436,0.00219123,0.00257198,0.00259214,0.0103793,0.00400745
437,0.00467195,0.00362791,0.00471236,0.0102967,0.00399112
438,0.00176279,0.0023368,0.00245997,0.0102416,0.00397487
439,0.00349524,0.00318748,0.00252159,0.010228,0.0039587
440,0.00294946,0.00284906,0.00350391,0.0101602,0.00394261
441,0.00346269,0.00266561,0.00227253,0.0101387,0.0039266
442,0.00253255,0.00246391,0.00362814,0.0100213,0.00391067
443,0.00344405,0.00239957,0.00231239,0.00999083,0.00389482
444,0.00735402,0.00460559,0.00586018,0.00999906,0.00387905
445,0.00305929,0.00374843,0.00360707,0.00988943,0.00386335
446,0.00847091,0.00472719,0.00714409,0.00988345,0.00384773
447,0.00269516,0.00241322,0.00296222,0.00979736,0.00383219
448,0.00219666,0.00236586,0.00273383,0.00982817,0.00381673
449,0.00356207,0.00277352,0.00301612,0.00975812,0.00380133
450,0.0032832,0.00333029,0.00364276,0.00982609,0.00378601
451,0.00386545,0.00289511,0.00313313,0.00963643,0.00377077
452,0.00574325,0.00303249,0.00427422,0.00968353,0.0037556
453,0.00265511,0.00244659,0.00248622,0.00961442,0.0037405
454,0.00369738,0.00368983,0.00472674,0.00959597,0.00372547
455,0.00439162,0.00344761,0.00263181,0.00957097,0.00371051
456,0.00221064,0.00267476,0.00238274,0.00940268,0.00369562
457,0.00394382,0.00296989,0.00230079,0.00940319,0.00368081
458,0.00638781,0.00420223,0.00403525,0.00934548,0.00366606
459,0.00309016,0.00291474,0.00342389,0.00927813,0.00365138
460,0.00171308,0.00239083,0.00245106,0.00926226,0.00363677
461,0.00496386,0.00274586,0.00312629,0.00921642,0.00362223
462,0.00211556,0.00267134,0.00229824,0.00917043,0.00360776
463,0.0028859,0.00237945,0.00268207,0.0092311,0.00359335
464,0.00177274,0.00223518,0.00194636,0.00910816,0.00357901
465,0.00275645,0.00224603,0.00234872,0.00902991,0.00356473
466,0.001384,0.00211704,0.00202302,0.00901455,0.00355052
467,0.00223289,0.00243361,0.00238959,0.00895438,0.00353637
468,0.0018333,0.00214982,0.00210675,0.00893989,0.00352229
469,0.00413941,0.00258573,0.00366483,0.00884912,0.00350827
470,0.0015687,0.00212977,0.00188428,0.00885401,0.00349432
471,0.00489686,0.00252049,0.00339347,0.00880484,0.00348043
472,0.00199675,0.00198656,0.00216301,0.00880984,0.0034666
473,0.00288341,0.00297447,0.00254048,0.00871704,0.00345283
474,0.003379,0.00256316,0.00284555,0.00872612,0.00343913
475,0.00299007,0.00240886,0.0020183,0.00868011,0.00342549
476,0.00215666,0.00204067,0.00175217,0.00860846,0.0034119
477,0.00175606,0.00205576,0.00171743,0.00857449,0.00339838
478,0.00271762,0.00238374,0.00249733,0.00853863,0.00338492
479,0.00215408,0.00235767,0.0021618,0.00850035,0.00337152
480,0.0021328,0.00217454,0.0029877,0.00848957,0.00335817
481,0.00323239,0.00228411,0.00215975,0.00855234,0.00334489
482,0.00227351,0.0019877,0.00188985,0.00846313,0.00333166
483,0.00144671,0.00218833,0.00177294,0.00838215,0.00331849
484,0.00362776,0.00247369,0.00307632,0.00839916,0.00330538
485,0.00236005,0.00249176,0.00251787,0.00843814,0.00329233
486,0.00313246,0.0022731,0.00237189,0.00830252,0.00327933
487,0.00466193,0.00356531,0.00320694,0.0083073,0.00326639
488,0.0037111,0.00234368,0.00233648,0.00824297,0.00325351
489,0.00217863,0.00264425,0.00178796,0.00821357,0.00324068
490,0.00671615,0.00395251,0.00324852,0.00820653,0.00322791
491,0.00359864,0.00274757,0.00353574,0.00823886,0.00321519
492,0.00369776,0.00242924,0.00168393,0.00816366,0.00320253
493,0.00328158,0.002917,0.00273776,0.00816536,0.00318992
494,0.00151603,0.00192954,0.00155336,0.00801756,0.00317737
495,0.00299698,0.00206587,0.00219924,0.00796955,0.00316487
496,0.00119869,0.00188306,0.001425,0.00794496,0.00315242
497,0.00201255,0.00188416,0.0018674,0.00791006,0.00314002
498,0.00289143,0.00238256,0.00297904,0.00793104,0.00312768
499,0.00250064,0.00195925,0.00258573,0.00789351,0.0031154
500,0.00261411,0.00197552,0.0028031,0.00782864,0.00310316
