epoch,excess_cost_constant_0.1,excess_cost_constant_0.3,excess_cost_decaying_0.3,excess_cost_decaying_1
0,2.04638,2.04638,2.04638,2.04638
1,1.06073,0.831684,0.833876,1.027
2,0.889654,0.761824,0.761293,0.630625
3,0.820786,0.68657,0.689974,0.499709
4,0.793785,0.652983,0.660841,0.418235
5,0.760767,0.561892,0.584925,0.367273
6,0.736807,0.528033,0.55074,0.285278
7,0.715182,0.47702,0.515752,0.223194
8,0.690531,0.42563,0.471129,0.143924
9,0.672643,0.393185,0.449702,0.154082
10,0.649639,0.355127,0.417016,0.123981
11,0.628801,0.323686,0.389196,0.133872
12,0.609463,0.291093,0.36636,0.102756
13,0.591676,0.266078,0.34735,0.0955884
14,0.573154,0.269587,0.333035,0.140225
15,0.557009,0.226637,0.312636,0.0770793
16,0.538361,0.205169,0.297343,0.16542
17,0.523239,0.212841,0.285564,0.101732
18,0.506894,0.18371,0.269479,0.0711539
19,0.492015,0.166858,0.258412,0.0604822
20,0.475296,0.144197,0.243092,0.0425973
21,0.461902,0.152351,0.236073,0.0661334
22,0.448028,0.129199,0.224449,0.0390864
23,0.434286,0.112839,0.214734,0.0504018
24,0.422394,0.10436,0.20889,0.0700902
25,0.408842,0.103718,0.198017,0.0665178
26,0.396837,0.11283,0.192903,0.0882744
27,0.385076,0.0963349,0.186047,0.0611872
28,0.374345,0.0989072,0.179679,0.0588239
29,0.361658,0.0860993,0.171588,0.0619588
30,0.350726,0.0660488,0.164481,0.0154899
31,0.340809,0.0663023,0.159255,0.0293896
32,0.33021,0.0756145,0.154214,0.0419621
33,0.320633,0.067777,0.149929,0.0475722
34,0.311712,0.0549918,0.144731,0.0224179
35,0.30145,0.0456894,0.140339,0.0180758
36,0.292879,0.0478864,0.135493,0.0282295
37,0.283332,0.0545176,0.130922,0.0448257
38,0.275758,0.0469569,0.127953,0.0312668
39,0.267598,0.0494301,0.124104,0.0350005
40,0.259209,0.0341758,0.120182,0.0175926
41,0.251294,0.037919,0.116548,0.0308888
42,0.244392,0.040089,0.113631,0.0240252
43,0.236805,0.032298,0.111489,0.016397
44,0.230342,0.0399054,0.107717,0.0221417
45,0.223133,0.0287057,0.104771,0.0148011
46,0.216515,0.0265964,0.102602,0.0141161
47,0.210155,0.0323088,0.0995469,0.0168861
48,0.204551,0.0408994,0.0972273,0.0291638
49,0.198083,0.0332683,0.0950674,0.0248837
50,0.192724,0.0300737,0.0934713,0.018261
51,0.187134,0.0394052,0.0904491,0.0263391
52,0.181672,0.0240276,0.0885057,0.0139453
53,0.17694,0.0218154,0.0867818,0.0142114
54,0.170951,0.0444522,0.0850197,0.0306727
55,0.166869,0.0318538,0.0827103,0.022177
56,0.161948,0.0201904,0.0812334,0.0108773
57,0.156863,0.0329862,0.0794195,0.0229647
58,0.152716,0.0247651,0.0777277,0.0145357
59,0.14773,0.0194447,0.0760129,0.013755
60,0.144333,0.0251389,0.0753844,0.015193
61,0.141073,0.0228193,0.0736104,0.0135365
62,0.1369,0.0180053,0.0725265,0.0119581
63,0.132943,0.0351847,0.0708623,0.0231765
64,0.129245,0.0427955,0.0692766,0.0231075
65,0.125105,0.0424275,0.0679579,0.0214156
66,0.122237,0.0221957,0.0669347,0.0117158
67,0.11853,0.0286245,0.0657625,0.0193137
68,0.114783,0.0205721,0.0643593,0.00924558
69,0.112049,0.0293027,0.0638061,0.0133892
70,0.108705,0.0182483,0.0621097,0.007204
71,0.106029,0.0289267,0.061411,0.0147138
72,0.103332,0.0155683,0.0601022,0.00797444
73,0.100105,0.0329165,0.0595183,0.0148263
74,0.0974087,0.0120558,0.0581707,0.0102593
75,0.0950915,0.0262281,0.0574814,0.0106353
76,0.0920337,0.0155124,0.0562469,0.00870251
77,0.0896116,0.0170065,0.0553708,0.00779887
78,0.0871888,0.0105223,0.0546738,0.0055868
79,0.0850965,0.0335653,0.0537968,0.0150393
80,0.0836327,0.0386034,0.0532804,0.0171642
81,0.0811636,0.0237292,0.0524971,0.0118097
82,0.0795669,0.0425195,0.0515772,0.0222243
83,0.0765147,0.0110113,0.0508634,0.00668064
84,0.0744519,0.0155112,0.0500898,0.00692692
85,0.0725448,0.0104198,0.0492408,0.00580532
86,0.0704847,0.0162922,0.0485091,0.00600992
87,0.069078,0.0192296,0.0479357,0.0068206
88,0.0680284,0.0426725,0.0473719,0.016102
89,0.0656742,0.028681,0.0467478,0.00988223
90,0.0635766,0.027207,0.0461454,0.00777946
91,0.0629339,0.0327628,0.0454503,0.0114857
92,0.0613017,0.0209364,0.0449272,0.00892131
93,0.0590812,0.0160387,0.0442766,0.0076845
94,0.0587451,0.0374256,0.043924,0.0158479
95,0.056344,0.0216202,0.043304,0.00625346
96,0.0559867,0.0350544,0.0425702,0.0104524
97,0.0536369,0.0256624,0.042058,0.0121113
98,0.0524493,0.0247056,0.0415837,0.0066846
99,0.0509278,0.0114114,0.0410751,0.00512316
100,0.0497217,0.00956138,0.040588,0.00473584
101,0.0496948,0.0328491,0.0404381,0.00791182
102,0.0470915,0.0221913,0.0396473,0.00617652
103,0.046808,0.0359937,0.0393104,0.0118373
104,0.0454181,0.0151387,0.0389157,0.00599294
105,0.0442236,0.0127776,0.0383235,0.00695306
106,0.0428818,0.00657837,0.037894,0.00383525
107,0.0418566,0.0145773,0.0374691,0.00673819
108,0.0413807,0.0165628,0.037188,0.00496705
109,0.0410703,0.0205643,0.0369048,0.00771701
110,0.0395653,0.0118081,0.0364326,0.00418515
111,0.0389849,0.0213356,0.0360619,0.00808052
112,0.0380106,0.0156564,0.0356387,0.0051437
113,0.0371053,0.0105314,0.0352633,0.00738659
114,0.0371315,0.0212032,0.035034,0.00847356
115,0.0356157,0.0371206,0.0344744,0.00776853
116,0.0347183,0.0206482,0.0341644,0.00690056
117,0.0335129,0.0119359,0.0338093,0.00322329
118,0.0334385,0.0232018,0.0334775,0.00587572
119,0.0324358,0.0194151,0.0332018,0.00488731
120,0.0317257,0.0147647,0.0328509,0.00476161
121,0.0310577,0.0337043,0.0326867,0.00688587
122,0.0303366,0.0146039,0.0323581,0.00504605
123,0.0298848,0.0220889,0.0320486,0.00517147
124,0.0293198,0.0166182,0.0316902,0.0039149
125,0.0285367,0.0090206,0.0314774,0.00368958
126,0.027544,0.00756215,0.0311213,0.003918
127,0.0274585,0.0161763,0.0308987,0.00400207
128,0.0264914,0.00615217,0.0305822,0.00328894
129,0.026922,0.0348923,0.0303594,0.00597414
130,0.026463,0.050453,0.0301121,0.00649618
131,0.0252263,0.0102499,0.0298236,0.00434058
132,0.0256859,0.0210283,0.0295926,0.00574924
133,0.0241676,0.00968217,0.0293333,0.0030947
134,0.0238165,0.0172091,0.0290857,0.00382743
135,0.0243736,0.0504838,0.028883,0.00639918
136,0.023192,0.0288531,0.0286067,0.00402984
137,0.0227298,0.0187539,0.0283696,0.00392006
138,0.0220063,0.0232303,0.0281519,0.00374097
139,0.0216025,0.0128165,0.0279045,0.00378338
140,0.0210675,0.00596088,0.0276763,0.00263928
141,0.0213972,0.0329192,0.0275046,0.00484691
142,0.0206096,0.0107004,0.0272478,0.00324784
143,0.0208724,0.0237265,0.0270331,0.00425795
144,0.0199425,0.015711,0.0268392,0.00362
145,0.020441,0.013541,0.0266347,0.00392755
146,0.0199455,0.0132889,0.0265347,0.00434785
147,0.0189339,0.0088324,0.0262362,0.0034974
148,0.0193269,0.0355178,0.0260696,0.00465258
149,0.0180857,0.014648,0.0258759,0.00289998
150,0.0186382,0.0108772,0.0256972,0.00384479
151,0.0181364,0.0110333,0.0255185,0.00418521
152,0.0179895,0.0349342,0.025365,0.00399159
153,0.017291,0.0234599,0.0251724,0.00343571
154,0.0167719,0.00474211,0.0249934,0.00313627
155,0.0172886,0.0228635,0.0248266,0.00351855
156,0.0164172,0.0124739,0.0246411,0.00269408
157,0.0163215,0.00585436,0.0244713,0.00305267
158,0.0161538,0.0163862,0.0243178,0.0031496
159,0.0154685,0.0130177,0.0241559,0.00278522
160,0.0166851,0.0426452,0.0240196,0.00447061
161,0.0156774,0.0431313,0.0238367,0.00394393
162,0.0151329,0.0313891,0.0236858,0.0036829
163,0.0154122,0.0175453,0.0235073,0.00303276
164,0.0146333,0.0328203,0.0233573,0.00276421
165,0.0151238,0.0250652,0.0232374,0.00335733
166,0.0146249,0.0189795,0.0230634,0.00330534
167,0.0147504,0.0356128,0.0229518,0.00361046
168,0.0135451,0.0108152,0.0228106,0.00258365
169,0.0133916,0.026737,0.0226761,0.00271597
170,0.0142104,0.0422496,0.0225352,0.00310175
171,0.0135978,0.0108387,0.0224077,0.0031891
172,0.0137199,0.0281552,0.022248,0.00340464
173,0.0131476,0.0273663,0.0221188,0.0029046
174,0.0131274,0.0167992,0.0219805,0.00290815
175,0.0125145,0.0131558,0.0218701,0.00244403
176,0.0139506,0.0158954,0.0217139,0.00350978
177,0.0125132,0.0161876,0.0215778,0.00241903
178,0.0132148,0.0157408,0.0214572,0.00316382
179,0.0121534,0.0140053,0.0213294,0.00244307
180,0.0121592,0.0134048,0.0212228,0.00268456
181,0.0115755,0.00946969,0.0211252,0.00214367
182,0.0113965,0.00736812,0.0209837,0.00226896
183,0.0120685,0.0255276,0.0208701,0.00287763
184,0.0111862,0.0107331,0.0208218,0.0023491
185,0.0126037,0.0199833,0.0207151,0.00377741
186,0.011802,0.0235088,0.0205719,0.00305128
187,0.0115627,0.0183676,0.020407,0.00283152
188,0.0120194,0.0166158,0.0202954,0.00298858
189,0.0105985,0.00874274,0.0202088,0.00231053
190,0.0111015,0.0220568,0.0201055,0.00259589
191,0.0111275,0.0162451,0.0199752,0.00297569
192,0.010585,0.0154016,0.0198716,0.00208846
193,0.0102276,0.00364911,0.0197815,0.00234083
194,0.0101037,0.00687831,0.0196678,0.00195125
195,0.0102591,0.0198536,0.0195709,0.00217817
196,0.0099508,0.00698758,0.0194686,0.00181178
197,0.00976827,0.0135922,0.0193709,0.00189705
198,0.00989143,0.0147943,0.0192733,0.00244326
199,0.00943722,0.00508505,0.0191868,0.00212318
200,0.00998345,0.0185954,0.0191172,0.00239799
201,0.0102195,0.0186833,0.0190648,0.00232427
202,0.0100194,0.0137311,0.0189263,0.0023891
203,0.0101211,0.0243354,0.0188432,0.00267473
204,0.00950088,0.00429076,0.0187307,0.00220489
205,0.00952923,0.0242204,0.0186476,0.00232755
206,0.0111362,0.0305306,0.0186035,0.0031293
207,0.00991086,0.0045223,0.0185108,0.00266351
208,0.0102026,0.00952157,0.0184074,0.00286612
209,0.00963127,0.0271751,0.0183143,0.00291219
210,0.00879162,0.0249493,0.0182121,0.00188309
211,0.00888489,0.0255609,0.0181253,0.00198398
212,0.00875265,0.00605241,0.0180498,0.0022799
213,0.00908449,0.0138869,0.0179676,0.002237
214,0.0089066,0.0223733,0.0178962,0.00227093
215,0.00835314,0.00602206,0.0178353,0.0017739
216,0.00894332,0.0240648,0.0177283,0.00239606
217,0.00824275,0.00700494,0.0176656,0.00169463
218,0.00877616,0.0172306,0.017584,0.00192182
219,0.00873584,0.0268711,0.0175235,0.00208545
220,0.00824854,0.0105276,0.0174284,0.00199968
221,0.00877858,0.0351183,0.0173726,0.00206008
222,0.00843594,0.0073962,0.0172699,0.00193427
223,0.00902331,0.0306807,0.01721,0.002263
224,0.0102605,0.0320458,0.0171445,0.00318674
225,0.00827401,0.0152525,0.017057,0.00182081
226,0.00837171,0.0132714,0.0169935,0.00215615
227,0.00770534,0.0130979,0.0169145,0.00174185
228,0.0081505,0.0335935,0.0168551,0.00170901
229,0.00791649,0.0312883,0.016777,0.0020266
230,0.00762685,0.0180506,0.0167141,0.00180998
231,0.0104207,0.0514665,0.0166509,0.00314979
232,0.00881404,0.0204324,0.0166105,0.00243899
233,0.00776675,0.0106344,0.0165283,0.00181424
234,0.00800008,0.025168,0.016468,0.00208712
235,0.00719125,0.00567421,0.0164146,0.00182229
236,0.00776241,0.0106604,0.0163553,0.00187743
237,0.00770852,0.00797725,0.0162925,0.00188903
238,0.00848114,0.0189118,0.0162052,0.00222941
239,0.00806958,0.0208895,0.016143,0.00223342
240,0.00732143,0.0147533,0.0160846,0.00186987
241,0.00846235,0.0397271,0.0160312,0.00246879
242,0.00886178,0.0278778,0.0159747,0.002478
243,0.00697964,0.0256076,0.0159295,0.00161037
244,0.0080493,0.0310108,0.0158932,0.00192454
245,0.00719799,0.0160356,0.0158125,0.00202177
246,0.00777059,0.0129384,0.0157425,0.0018894
247,0.00647453,0.0130504,0.0156794,0.00152321
248,0.00918634,0.0317097,0.0156274,0.00220234
249,0.00681573,0.00520513,0.0155792,0.00180491
250,0.00631019,0.00756942,0.0155122,0.00149484
251,0.00679813,0.0164258,0.0154605,0.00150328
252,0.00609074,0.00504139,0.0153998,0.00137204
253,0.00624296,0.0180218,0.0153437,0.00147533
254,0.00667711,0.0191199,0.0152923,0.0018987
255,0.0061278,0.0158186,0.0152431,0.00164455
256,0.00615508,0.00891418,0.0151879,0.00148016
257,0.00643858,0.00720362,0.0151329,0.00151866
258,0.00612098,0.0237336,0.0150789,0.00142226
259,0.00662563,0.0074745,0.0150312,0.00161999
260,0.00629741,0.0136409,0.0149795,0.00170696
261,0.00641622,0.0344868,0.0149366,0.00161406
262,0.00639156,0.0166049,0.014879,0.00159754
263,0.00689588,0.0162252,0.0148367,0.00173986
264,0.00680942,0.0241532,0.0147926,0.00181538
265,0.00629264,0.012469,0.0147336,0.00158912
266,0.00660062,0.0285925,0.0146894,0.00157526
267,0.00629053,0.0105679,0.0146418,0.00163474
268,0.00649124,0.0307895,0.0146024,0.00176398
269,0.00597621,0.010681,0.0145493,0.00171224
270,0.00610604,0.0263739,0.0144987,0.00163002
271,0.00576058,0.00498678,0.0144546,0.00165367
272,0.00585977,0.0129143,0.0144135,0.00158088
273,0.00679878,0.0351572,0.0143617,0.00169103
274,0.00535384,0.00565674,0.0143149,0.00124875
275,0.00602625,0.0153991,0.0142747,0.00159551
276,0.00590132,0.00926581,0.0142272,0.00148039
277,0.00568527,0.0169054,0.0141835,0.00136882
278,0.00556842,0.0388013,0.0141414,0.00146419
279,0.00527526,0.0270696,0.0140979,0.00138501
280,0.00563019,0.00947208,0.0140563,0.00158983
281,0.00586946,0.0173037,0.0140226,0.00150544
282,0.00692852,0.0371362,0.0139822,0.00156972
283,0.0054726,0.00636509,0.0139465,0.00147483
284,0.00537018,0.00891353,0.0138931,0.00132175
285,0.00510903,0.0239947,0.0138533,0.00123692
286,0.00559032,0.0114489,0.0138085,0.00134197
287,0.0050929,0.007144,0.0137688,0.00129107
288,0.00498399,0.00959488,0.0137363,0.00116773
289,0.00613033,0.0174843,0.0137011,0.00149564
290,0.00564004,0.0213279,0.01365,0.00132875
291,0.00703119,0.0229854,0.0136128,0.00175466
292,0.00479892,0.00389318,0.0135741,0.00126049
293,0.00601646,0.0294544,0.0135403,0.00156021
294,0.00524558,0.00700108,0.01352,0.00139947
295,0.00662957,0.0158641,0.013471,0.0016139
296,0.00513156,0.00767655,0.013427,0.00131412
297,0.00499814,0.029534,0.0133841,0.00115895
298,0.00554401,0.0212615,0.0133493,0.00149233
299,0.0054202,0.0183406,0.0133184,0.00139345
300,0.0054066,0.0220026,0.0132852,0.00141815
301,0.00581138,0.0197099,0.0132523,0.00145354
302,0.0050021,0.00523833,0.0132201,0.00136944
303,0.00512136,0.0100069,0.0131851,0.0014259
304,0.00467676,0.0155492,0.0131419,0.00124844
305,0.00440907,0.00627963,0.0131052,0.00115375
306,0.00459868,0.0173708,0.0130666,0.0011407
307,0.00520773,0.00906263,0.0130382,0.00142243
308,0.00475988,0.0165738,0.012995,0.00135856
309,0.0047622,0.0216588,0.0129618,0.00134165
310,0.0055304,0.0102657,0.0129324,0.00156532
311,0.00476707,0.0276173,0.0128961,0.00111785
312,0.00526143,0.0287495,0.0128671,0.00149433
313,0.00518378,0.0140654,0.0128491,0.00123053
314,0.00431308,0.00883346,0.0128193,0.00121868
315,0.00472718,0.0156048,0.0127682,0.00112584
316,0.00435178,0.0126443,0.0127353,0.0011276
317,0.00516612,0.0176043,0.0127071,0.00128735
318,0.00560754,0.0334246,0.0126708,0.00122899
319,0.00431696,0.00498208,0.0126415,0.00104067
320,0.00452353,0.0101297,0.0126112,0.00113149
321,0.00452834,0.0168105,0.0125781,0.00111191
322,0.00538377,0.0277848,0.0125489,0.0014573
323,0.00436794,0.00372329,0.0125175,0.0010787
324,0.00480549,0.026223,0.0124928,0.00108832
325,0.00588812,0.0389407,0.0124653,0.00138433
326,0.00526018,0.013395,0.0124431,0.00155578
327,0.00424478,0.00803042,0.0124043,0.00105519
328,0.00490553,0.0189775,0.0123795,0.00123355
329,0.00435061,0.0207327,0.012349,0.00114462
330,0.00457223,0.0048458,0.0123181,0.00120845
331,0.00427838,0.00780232,0.0122922,0.00116701
332,0.0050781,0.00787896,0.0122597,0.00127514
333,0.00389491,0.00284985,0.0122299,0.00105268
334,0.00405608,0.015074,0.0122012,0.000994081
335,0.0043347,0.0164121,0.0121747,0.0010449
336,0.00456926,0.0128746,0.0121483,0.00121541
337,0.00437822,0.016329,0.012119,0.00105874
338,0.00442896,0.0212067,0.0120988,0.00123987
339,0.00461845,0.0127449,0.0120654,0.00105703
340,0.00469113,0.035411,0.012045,0.00115413
341,0.00431866,0.0145823,0.0120158,0.00108639
342,0.00517944,0.0300397,0.0119868,0.00126564
343,0.00424056,0.0115632,0.01196,0.00112818
344,0.00466982,0.0274645,0.0119342,0.00116069
345,0.00517623,0.0136641,0.011908,0.00128328
346,0.00431293,0.0116239,0.0118842,0.00121359
347,0.00392367,0.00663943,0.0118595,0.0011178
348,0.00355152,0.00680286,0.0118306,0.000970737
349,0.00366323,0.0201565,0.0118051,0.00102175
350,0.00393121,0.0229539,0.0117797,0.0010346
351,0.00567346,0.0471626,0.0117585,0.00128846
352,0.00371846,0.0163932,0.0117363,0.00102401
353,0.00494137,0.0293419,0.0117161,0.00101145
354,0.00554123,0.0280417,0.0116881,0.00123537
355,0.00404952,0.0265288,0.0116776,0.00106622
356,0.00374123,0.0114896,0.01164,0.000934813
357,0.00404904,0.0181901,0.0116113,0.000973384
358,0.0041427,0.00942552,0.0115853,0.00104889
359,0.00468883,0.028894,0.0115638,0.00118759
360,0.00424378,0.02228,0.011538,0.00109132
361,0.00391257,0.00904173,0.0115152,0.0010812
362,0.0035453,0.0121127,0.0114908,0.00113775
363,0.00338273,0.00509924,0.011468,0.00103381
364,0.00362027,0.0175532,0.0114449,0.00106402
365,0.00361325,0.0144577,0.0114221,0.00105542
366,0.00391853,0.0225759,0.0113992,0.00094087
367,0.00454179,0.0106207,0.0113766,0.00115395
368,0.00359913,0.00723326,0.0113548,0.000954745
369,0.00420244,0.00986585,0.0113318,0.000976085
370,0.00376162,0.00958591,0.0113098,0.000980065
371,0.00458791,0.0270974,0.0112882,0.00118861
372,0.00344944,0.0179223,0.0112669,0.000965234
373,0.00363191,0.024501,0.0112435,0.000992728
374,0.00379362,0.0156021,0.0112237,0.00101765
375,0.00375232,0.00643178,0.0112013,0.00100008
376,0.00335651,0.00394767,0.0111806,0.00101116
377,0.00353431,0.0090689,0.0111606,0.00112957
378,0.00360613,0.00353809,0.0111383,0.00109817
379,0.00338059,0.0231706,0.0111201,0.00102643
380,0.00345533,0.0254131,0.0110982,0.000951966
381,0.00383473,0.0293619,0.0110807,0.0010033
382,0.00610079,0.0570039,0.0110581,0.00121032
383,0.00363511,0.0176383,0.0110356,0.000947656
384,0.00365993,0.0127505,0.0110144,0.000925358
385,0.00336384,0.0191659,0.0109956,0.000969157
386,0.00410618,0.00913539,0.0109776,0.00104751
387,0.00396104,0.0183122,0.0109554,0.000848188
388,0.00626016,0.0240127,0.0109433,0.00114143
389,0.00325179,0.0192751,0.0109375,0.00104605
390,0.0039861,0.0219564,0.0109193,0.00113677
391,0.00378334,0.0141893,0.0108991,0.0010675
392,0.00369777,0.0195301,0.0108795,0.000950403
393,0.00282608,0.0153278,0.010854,0.00091173
394,0.00428232,0.0406989,0.010839,0.00092404
395,0.00278742,0.0118941,0.0108197,0.000866497
396,0.00335379,0.0103293,0.0108012,0.000848414
397,0.00300494,0.0182554,0.0107768,0.000952375
398,0.00513034,0.0492083,0.0107661,0.00100717
399,0.00397931,0.0152678,0.0107458,0.00104678
400,0.00339562,0.0138606,0.0107216,0.000916211
401,0.0032923,0.0105752,0.0106996,0.000921928
402,0.00308458,0.0100221,0.0106739,0.000943419
403,0.00371913,0.02583,0.0106545,0.000982589
404,0.00283683,0.0164668,0.0106402,0.000936421
405,0.00455201,0.020885,0.0106223,0.000969616
406,0.00334253,0.017605,0.0106032,0.000916068
407,0.00467643,0.0234577,0.010583,0.000896617
408,0.00611528,0.0245969,0.0105624,0.000980585
409,0.0039954,0.0244441,0.0105438,0.00101388
410,0.00365076,0.0219798,0.010527,0.000863135
411,0.00344571,0.0276523,0.010509,0.000871738
412,0.00433283,0.0274903,0.0104915,0.000851836
413,0.00297272,0.0176,0.0104745,0.000821226
414,0.00297007,0.010298,0.0104575,0.00080848
415,0.00363977,0.00991795,0.01044,0.000855519
416,0.00342658,0.026478,0.0104274,0.000941569
417,0.00306584,0.0156507,0.010413,0.000900185
418,0.00469073,0.0226078,0.0103971,0.000979942
419,0.00270006,0.0157012,0.0103756,0.000875587
420,0.00271921,0.00875017,0.0103554,0.000849383
421,0.00286189,0.0129798,0.0103387,0.000881457
422,0.00385539,0.0265673,0.010322,0.000977511
423,0.00306086,0.0224948,0.0103061,0.00084042
424,0.0025054,0.0213508,0.0102896,0.000822412
425,0.00357291,0.0195928,0.0102732,0.000805141
426,0.00363437,0.0367211,0.0102576,0.00085073
427,0.0028431,0.0171701,0.0102426,0.000864079
428,0.0029791,0.0206274,0.0102325,0.000796662
429,0.00548775,0.0396767,0.0102138,0.000985486
430,0.00238669,0.00938125,0.0101978,0.000809628
431,0.00238855,0.00989696,0.0101812,0.000794751
432,0.00327132,0.0185081,0.0101677,0.00087863
433,0.00496388,0.0260287,0.0101511,0.000981702
434,0.0033889,0.0131926,0.010133,0.000835896
435,0.00265356,0.0240379,0.0101187,0.000803566
436,0.00257198,0.0172688,0.0101026,0.000856693
437,0.00362791,0.0157193,0.0100869,0.000921746
438,0.0023368,0.00869138,0.0100719,0.000801239
439,0.00318748,0.0211451,0.0100559,0.000800036
440,0.00284906,0.0132838,0.0100407,0.000858859
441,0.00266561,0.016423,0.0100253,0.000758481
442,0.00246391,0.015086,0.0100106,0.000754086
443,0.00239957,0.0279833,0.00999592,0.000826154
444,0.00460559,0.0312531,0.00998387,0.000946609
445,0.00374843,0.0146697,0.00997253,0.000905433
446,0.00472719,0.029895,0.00995454,0.000902873
447,0.00241322,0.00792359,0.00993825,0.000897806
448,0.00236586,0.00292178,0.00992486,0.000754714
449,0.00277352,0.0220065,0.00991078,0.00079833
450,0.00333029,0.0233645,0.00989977,0.000818362
451,0.00289511,0.0268343,0.0098845,0.000812093
452,0.00303249,0.0342143,0.00987575,0.000923978
453,0.00244659,0.0172383,0.00986825,0.000783732
454,0.00368983,0.017714,0.00984377,0.00093201
455,0.00344761,0.0156678,0.00982702,0.000920551
456,0.00267476,0.0168211,0.00981223,0.000759649
457,0.00296989,0.0360421,0.00979984,0.000747925
458,0.00420223,0.0222501,0.00978956,0.000876193
459,0.00291474,0.0232102,0.00977281,0.000730945
460,0.00239083,0.0158856,0.00975732,0.000755117
461,0.00274586,0.0119564,0.00974547,0.000802991
462,0.00267134,0.00952735,0.00973085,0.000764723
463,0.00237945,0.0140598,0.00971876,0.000770513
464,0.00223518,0.00401092,0.00970322,0.000723606
465,0.00224603,0.0251246,0.00968976,0.000721648
466,0.00211704,0.00215078,0.00967683,0.000712101
467,0.00243361,0.0161531,0.00966227,0.00070858
468,0.00214982,0.0117322,0.00965045,0.000722462
469,0.00258573,0.0228877,0.00963715,0.000721089
470,0.00212977,0.019611,0.009623,0.000703732
471,0.00252049,0.02904,0.00961095,0.000726372
472,0.00198656,0.0165563,0.00959774,0.000702133
473,0.00297447,0.0341406,0.0095859,0.000739352
474,0.00256316,0.0202626,0.00957366,0.000743478
475,0.00240886,0.00992053,0.00956155,0.000757728
476,0.00204067,0.018771,0.0095478,0.000706497
477,0.00205576,0.00994865,0.00953558,0.000708232
478,0.00238374,0.0100899,0.00952272,0.000739581
479,0.00235767,0.00864958,0.0095096,0.000720682
480,0.00217454,0.00423533,0.00949801,0.000814889
481,0.00228411,0.0144829,0.00948511,0.000721685
482,0.0019877,0.00365876,0.00947311,0.000715838
483,0.00218833,0.00734177,0.00946032,0.0007192
484,0.00247369,0.0105197,0.00944929,0.000773906
485,0.00249176,0.0118559,0.00943504,0.000698827
486,0.0022731,0.024552,0.00942327,0.000747608
487,0.00356531,0.0230382,0.00941183,0.000765878
488,0.00234368,0.0175453,0.00939921,0.000709126
489,0.00264425,0.0236022,0.00938736,0.000673994
490,0.00395251,0.0647186,0.00937594,0.000875929
491,0.00274757,0.0114314,0.00936456,0.000829114
492,0.00242924,0.0145522,0.00935306,0.000727173
493,0.002917,0.0185959,0.00934043,0.000763267
494,0.00192954,0.00790875,0.0093285,0.000660341
495,0.00206587,0.0155194,0.00931716,0.000662332
496,0.00188306,0.0146526,0.00930854,0.000804373
497,0.00188416,0.0159081,0.00929495,0.000671544
498,0.00238256,0.0195304,0.00928274,0.000674409
499,0.00195925,0.0060697,0.0092719,0.00068675
500,0.00197552,0.017148,0.0092598,0.000663274
