degree,cv5_mse,cv5_fold_std,cv10_mse,cv10_fold_std,cv5_without_extreme_x,cv10_without_extreme_x,bootstrap_all,bootstrap_inside
1.0000000000e+00,1.0582613558e-01,2.6196289666e-02,1.0665946628e-01,4.4714221099e-02,1.0546555595e-01,1.0679910935e-01,1.1616263863e-01,1.0263223177e-01
2.0000000000e+00,5.6832364998e-02,1.3649723046e-02,5.8503157593e-02,1.8837362045e-02,5.6547628996e-02,5.8138529833e-02,5.9689187966e-02,5.9994770918e-02
3.0000000000e+00,5.8577384405e-02,1.4804254574e-02,5.9285367500e-02,1.8807621425e-02,5.7534236930e-02,5.8780337002e-02,6.7947676780e-02,5.9174889628e-02
4.0000000000e+00,3.8624861505e-02,1.1260928523e-02,3.7614971217e-02,1.2085445003e-02,3.7143631445e-02,3.6844271862e-02,5.2851590348e-02,3.1628225678e-02
5.0000000000e+00,4.1959421708e-02,1.3727457816e-02,3.8628001337e-02,1.1893360066e-02,3.8894729222e-02,3.7205548167e-02,1.2649180224e-01,3.1185620654e-02
6.0000000000e+00,2.6598339347e-02,6.2451019768e-03,2.6717393300e-02,7.5933684581e-03,2.5418296109e-02,2.5522578968e-02,1.6540577302e-01,2.2119438238e-02
7.0000000000e+00,2.9229701774e-02,3.7704808207e-03,2.7983343397e-02,7.6225414247e-03,2.6564028747e-02,2.6373736774e-02,7.7939641725e-01,2.1215733989e-02
8.0000000000e+00,2.3614273450e-02,5.6072421520e-03,2.1981347374e-02,1.0991576880e-02,2.0515158211e-02,1.9765276621e-02,7.4220143566e+00,1.8841294678e-02
9.0000000000e+00,2.9943646607e-02,1.0124847044e-02,2.4915063190e-02,1.5454188272e-02,2.2298176348e-02,2.0409510467e-02,1.3877654622e+01,2.1275064449e-02
1.0000000000e+01,2.2287044971e-02,8.1116671055e-03,1.9317052069e-02,8.5511341037e-03,1.7548199153e-02,1.7333083860e-02,2.1140867902e+01,2.5382927674e-02
1.1000000000e+01,3.3563457138e-02,1.8541553304e-02,2.5260401866e-02,2.2201257167e-02,1.8501260796e-02,1.7698983136e-02,4.2881323549e+01,2.2279701600e-02
1.2000000000e+01,2.0159797627e-02,1.7928833568e-03,1.7313643866e-02,4.1082279244e-03,1.8476897303e-02,1.7469933948e-02,1.5773592386e+03,6.6412280632e-02
1.3000000000e+01,4.4494885055e-02,4.6318051838e-02,1.9301403845e-02,6.7257826326e-03,2.3816879552e-02,1.8082607852e-02,1.2404793007e+04,2.4915786298e-01
1.4000000000e+01,3.1391355644e-02,2.1198135416e-02,3.3256444182e-02,4.5627082065e-02,1.8981761637e-02,1.7893568183e-02,1.2395296204e+04,2.4148295179e-01
1.5000000000e+01,9.6021059287e-02,9.3383398819e-02,7.5075966514e-02,1.6306968189e-01,2.1030171669e-02,1.8855796861e-02,3.9343360897e+05,2.2021377919e+00
1.6000000000e+01,3.7578949656e-02,1.7311263060e-02,4.9536894150e-02,8.5325893727e-02,2.3256878020e-02,2.1345199001e-02,2.4847883975e+08,2.3252503354e+00
1.7000000000e+01,4.5458513553e-02,2.8974382791e-02,5.6172521420e-02,1.0751296675e-01,3.9119213531e-02,1.9199657870e-02,2.5377220007e+07,1.6656241230e+00
1.8000000000e+01,3.1225789067e-02,1.2103001558e-02,4.5383217571e-02,6.7576382158e-02,2.4194142039e-02,1.9067832452e-02,6.8444708774e+08,2.8542152415e+02
1.9000000000e+01,6.7794917494e-01,1.3066892524e+00,2.1475561863e-02,5.6469857585e-03,1.2443175877e+01,7.9950856479e-01,5.2809248928e+09,1.5280458931e+02
2.0000000000e+01,2.3863714758e-01,4.2936429522e-01,2.8823016781e-02,1.9987800257e-02,1.7982279138e+02,7.4312940939e+00,3.5276346480e+09,3.8932376650e+03
