log10_lambda,deg_1,deg_2,deg_3,deg_4,deg_5,deg_6,deg_7,deg_8,deg_9,deg_10,deg_11,deg_12,deg_13,deg_14,deg_15,deg_16,deg_17,deg_18,deg_19,deg_20
-8.0000000000e+00,1.0582613556e-01,5.6832364954e-02,5.8577384072e-02,3.8624857260e-02,4.1959408962e-02,2.6598265543e-02,2.9229395166e-02,2.3611036698e-02,2.9929375170e-02,2.2165596432e-02,3.2833584878e-02,1.9737058847e-02,2.8168000874e-02,3.0443653848e-02,4.9917769533e-02,3.8755588312e-02,4.5869964165e-02,3.6348152009e-02,4.1449147086e-02,4.5257483919e-02
-7.0000000000e+00,1.0582613538e-01,5.6832364564e-02,5.8577381075e-02,3.8624819056e-02,4.1959294256e-02,2.6597601474e-02,2.9226636968e-02,2.3582040476e-02,2.9802550567e-02,2.1198088336e-02,2.7946902294e-02,2.3514115429e-02,2.6150481549e-02,2.2550428901e-02,3.0565683653e-02,3.7281716873e-02,6.1476860010e-02,6.5976237019e-02,9.9061622022e-02,8.9769803455e-02
-6.0000000000e+00,1.0582613356e-01,5.6832360659e-02,5.8577351106e-02,3.8624437055e-02,4.1958147387e-02,2.6590977825e-02,2.9199179970e-02,2.3304998275e-02,2.8674078432e-02,1.8001111876e-02,1.7883464922e-02,2.4188255658e-02,2.7688887542e-02,2.8639832734e-02,3.3129078923e-02,2.7391281663e-02,3.2773416385e-02,3.3173383339e-02,4.4601749083e-02,6.1430191421e-02
-5.0000000000e+00,1.0582611540e-01,5.6832321614e-02,5.8577051452e-02,3.8620621192e-02,4.1946698163e-02,2.6526424880e-02,2.8936591593e-02,2.1513111643e-02,2.3400802639e-02,2.3619705268e-02,2.6793774068e-02,1.9697506689e-02,2.0004983644e-02,2.0842556543e-02,2.0848670393e-02,2.8212973616e-02,3.0700044083e-02,3.6733996792e-02,4.2623826619e-02,4.2950508648e-02
-4.0000000000e+00,1.0582593387e-01,5.6831931729e-02,5.8574058629e-02,3.8582875227e-02,4.1834120069e-02,2.6031111356e-02,2.7154382021e-02,2.2750894878e-02,2.2785609452e-02,2.2590962013e-02,2.3373477146e-02,2.5586290214e-02,2.8508978556e-02,2.6848425089e-02,3.0868981721e-02,2.4865524334e-02,2.7875106019e-02,2.2123007930e-02,2.3408783193e-02,2.2155534812e-02
-3.0000000000e+00,1.0582412125e-01,5.6828088803e-02,5.8544497985e-02,3.8244722524e-02,4.0872857184e-02,2.7205962299e-02,2.6927694668e-02,2.7706355614e-02,2.7816438740e-02,2.8028987889e-02,2.8249970808e-02,2.7220651968e-02,2.7350643134e-02,2.6750254797e-02,2.6980765011e-02,2.7240815527e-02,2.7967376568e-02,2.8519942864e-02,3.0134397231e-02,3.0152974411e-02
-2.0000000000e+00,1.0580626126e-01,5.6795135164e-02,5.8282228872e-02,3.7414688899e-02,3.8017961836e-02,3.9213225135e-02,4.0011427917e-02,3.6972823189e-02,3.7308769727e-02,3.4869449873e-02,3.4876712092e-02,3.3998878547e-02,3.3930621439e-02,3.3954289145e-02,3.3952591335e-02,3.4291273301e-02,3.4426176029e-02,3.4767520957e-02,3.5070440425e-02,3.5274885786e-02
-1.0000000000e+00,1.0565112945e-01,5.6913395550e-02,5.7380501018e-02,5.1121993463e-02,5.1223953492e-02,4.8509497960e-02,4.8518184685e-02,4.8825789099e-02,4.8893717800e-02,4.9722641929e-02,4.9894484416e-02,5.0375643498e-02,5.0627349005e-02,5.0641376622e-02,5.0933290905e-02,5.0593457775e-02,5.0893804926e-02,5.0346062992e-02,5.0632710340e-02,4.9996742297e-02
0.0000000000e+00,1.0507125498e-01,6.8200808655e-02,6.8309671774e-02,6.7795085712e-02,6.7799219232e-02,6.8555693522e-02,6.8566899140e-02,6.8920144522e-02,6.8941076175e-02,6.9017798931e-02,6.9035115233e-02,6.9003895030e-02,6.9008523221e-02,6.8959001803e-02,6.8948643362e-02,6.8917300036e-02,6.8894228041e-02,6.8891091088e-02,6.8859553198e-02,6.8883471492e-02
1.0000000000e+00,1.0483117654e-01,9.6274204608e-02,9.6384758657e-02,9.2657373927e-02,9.2833892439e-02,9.0834919399e-02,9.1022291058e-02,8.9831983190e-02,8.9997004887e-02,8.9250559162e-02,8.9379742690e-02,8.8900238361e-02,8.8992142139e-02,8.8681755166e-02,8.8740780420e-02,8.8540741000e-02,8.8573268174e-02,8.8446433164e-02,8.8458820541e-02,8.8380978033e-02
