degree,ols_bias2,ols_variance,ridge_bias2,ridge_variance,lasso_bias2,lasso_variance
1,0.0846444,0.00317449,0.0820467,0.00184659,0.0806997,0.00138922
2,0.0414923,0.00268425,0.0394788,0.00210213,0.0395218,0.00178858
3,0.0502116,0.0122978,0.0413502,0.00351579,0.0403676,0.00287588
4,0.0271062,0.00626958,0.022133,0.00467442,0.0187209,0.00236123
5,0.0845526,0.167469,0.020403,0.00455958,0.0189959,0.00270515
6,0.00678648,0.201103,0.00783311,0.0815859,0.00664353,0.0465141
7,0.384864,3.06125,0.0157831,0.0800018,0.00631361,0.0485853
8,0.0154116,6.01538,0.0111327,0.0944385,0.00645721,0.0543417
9,2.93635,25.8102,0.114828,0.759166,0.0131218,0.127119
10,0.0623333,40.3675,0.0189653,7.99147,0.0056426,0.0726083
11,7.69529,308.557,1.36686,23.0254,0.0292464,0.234871
12,50.471,3116.56,0.0223103,11.8192,0.00880327,0.0286516
13,20.3779,19343.7,1.14319,24.134,0.00862477,0.0305061
14,767.802,106842,0.0112227,0.109619,0.0086254,0.0303664
15,17719.4,579438,0.0213357,0.125017,0.00850124,0.0336229
