lambda,ridge_mse_f,ridge_bias2,ridge_variance,lasso_mse_f,lasso_bias2,lasso_variance
1e-07,90.1475,0.0193272,90.1282,nan,nan,nan
3.16228e-07,53.641,0.0792294,53.5618,nan,nan,nan
1e-06,24.6699,0.0655159,24.6044,nan,nan,nan
3.16228e-06,11.8415,0.0223103,11.8192,nan,nan,nan
1e-05,8.58786,0.00493902,8.58292,nan,nan,nan
3.16228e-05,5.22881,0.0427683,5.18604,nan,nan,nan
0.0001,1.5791,0.0481573,1.53094,nan,nan,nan
0.000316228,0.314897,0.0292663,0.285631,0.768224,0.00471204,0.763512
0.001,0.206351,0.014293,0.192058,nan,nan,nan
0.00316228,0.0959434,0.00936201,0.0865814,0.0374549,0.00880327,0.0286516
0.01,0.0465303,0.0195539,0.0269765,0.0233716,0.0189374,0.00443411
0.0316228,0.0517111,0.0318222,0.0198889,0.0340049,0.0277697,0.0062351
0.1,0.0441326,0.0328003,0.0113323,0.0406514,0.0392085,0.00144289
0.316228,0.0418222,0.0375435,0.00427871,0.0600963,0.0585498,0.0015465
1,0.0497706,0.0477307,0.00203986,0.0820886,0.0806995,0.00138914
