degree,lambda,cv_mse,cv_se
1,1e-07,0.10544,0.00935133
1,3.16228e-07,0.10544,0.00935133
1,1e-06,0.10544,0.00935133
1,3.16228e-06,0.10544,0.00935134
1,1e-05,0.10544,0.00935137
1,3.16228e-05,0.105439,0.00935145
1,0.0001,0.105439,0.00935173
1,0.000316228,0.105438,0.0093526
1,0.001,0.105434,0.00935536
1,0.00316228,0.105425,0.00936416
1,0.01,0.105412,0.00939259
1,0.0316228,0.105467,0.00950098
1,0.1,0.104903,0.00977351
1,0.316228,0.104657,0.00983388
1,1,0.104657,0.00983388
2,1e-07,0.0586002,0.00492569
2,3.16228e-07,0.0586002,0.00492569
2,1e-06,0.0586002,0.0049257
2,3.16228e-06,0.0586001,0.00492572
2,1e-05,0.0585999,0.0049258
2,3.16228e-05,0.0585992,0.00492604
2,0.0001,0.058597,0.00492682
2,0.000316228,0.0585902,0.00492927
2,0.001,0.0585692,0.00493706
2,0.00316228,0.0585042,0.00495541
2,0.01,0.0583527,0.00501188
2,0.0316228,0.0580163,0.00526023
2,0.1,0.0599215,0.00621357
2,0.316228,0.0832848,0.00954634
2,1,0.104657,0.00983388
3,1e-07,0.0620787,0.00462165
3,3.16228e-07,0.0620786,0.00462165
3,1e-06,0.0620784,0.00462165
3,3.16228e-06,0.0620776,0.00462167
3,1e-05,0.0620753,0.00462172
3,3.16228e-05,0.062068,0.00462187
3,0.0001,0.0620449,0.00462238
3,0.000316228,0.0619724,0.00462412
3,0.001,0.0617471,0.00463071
3,0.00316228,0.0610125,0.00464912
3,0.01,0.0593627,0.00478491
3,0.0316228,0.0583416,0.0051694
3,0.1,0.0599215,0.00621357
3,0.316228,0.0832848,0.00954634
3,1,0.104657,0.00983388
4,1e-07,0.0405151,0.00334807
4,3.16228e-07,0.040515,0.00334806
4,1e-06,0.0405147,0.00334805
4,3.16228e-06,0.0405138,0.00334801
4,1e-05,0.0405111,0.0033479
4,3.16228e-05,0.0405024,0.00334753
4,0.0001,0.0404751,0.00334643
4,0.000316228,0.0403907,0.00334338
4,0.001,0.0401527,0.00333986
4,0.00316228,0.03955,0.00337058
4,0.01,0.0391603,0.00383277
4,0.0316228,0.0511758,0.00556013
4,0.1,0.0599215,0.00621357
4,0.316228,0.0832848,0.00954634
4,1,0.104657,0.00983388
5,1e-07,0.0439182,0.0034071
5,3.16228e-07,0.0439179,0.00340704
5,1e-06,0.0439168,0.00340686
5,3.16228e-06,0.0439135,0.00340628
5,1e-05,0.0439029,0.00340447
5,3.16228e-05,0.0438697,0.00339881
5,0.0001,0.0437663,0.00338173
5,0.000316228,0.0434427,0.00332759
5,0.001,0.0424778,0.00325906
5,0.00316228,0.0401069,0.00336829
5,0.01,0.0391736,0.00383794
5,0.0316228,0.0513229,0.00552425
5,0.1,0.0599215,0.00621357
5,0.316228,0.0832848,0.00954634
5,1,0.104657,0.00983388
6,1e-07,0.0345812,0.003097
6,3.16228e-07,0.0345799,0.00309669
6,1e-06,0.0345756,0.0030957
6,3.16228e-06,0.034562,0.00309259
6,1e-05,0.0345194,0.00308272
6,3.16228e-05,0.0343863,0.00305222
6,0.0001,0.0339795,0.0029628
6,0.000316228,0.0328618,0.00275114
6,0.001,0.0308889,0.00263482
6,0.00316228,0.0332379,0.00337269
6,0.01,0.0391736,0.00383794
6,0.0316228,0.0481052,0.00515717
6,0.1,0.0599215,0.00621357
6,0.316228,0.0832848,0.00954634
6,1,0.104657,0.00983388
7,1e-07,0.0435741,0.00703624
7,3.16228e-07,0.0435669,0.00703276
7,1e-06,0.0435442,0.00702176
7,3.16228e-06,0.0434726,0.00698706
7,1e-05,0.043248,0.00687825
7,3.16228e-05,0.0425574,0.00654317
7,0.0001,0.0405566,0.00557577
7,0.000316228,0.0358542,0.00350247
7,0.001,0.0312374,0.00266379
7,0.00316228,0.033341,0.00338173
7,0.01,0.0392236,0.00384872
7,0.0316228,0.0481052,0.00515717
7,0.1,0.0599215,0.00621357
7,0.316228,0.0832848,0.00954634
7,1,0.104657,0.00983388
8,1e-07,0.0472949,0.0108361
8,3.16228e-07,0.0472676,0.0108258
8,1e-06,nan,nan
8,3.16228e-06,nan,nan
8,1e-05,nan,nan
8,3.16228e-05,nan,nan
8,0.0001,nan,nan
8,0.000316228,nan,nan
8,0.001,0.0312374,0.00266379
8,0.00316228,0.0327865,0.00309885
8,0.01,0.0392236,0.00384872
8,0.0316228,0.0496386,0.00508754
8,0.1,0.0599215,0.00621357
8,0.316228,0.0832848,0.00954634
8,1,0.104657,0.00983388
9,1e-07,nan,nan
9,3.16228e-07,nan,nan
9,1e-06,nan,nan
9,3.16228e-06,nan,nan
9,1e-05,nan,nan
9,3.16228e-05,nan,nan
9,0.0001,nan,nan
9,0.000316228,nan,nan
9,0.001,0.0318848,0.0027028
9,0.00316228,0.0327869,0.00310085
9,0.01,0.0392956,0.00385071
9,0.0316228,0.0496386,0.00508754
9,0.1,0.0599215,0.00621357
9,0.316228,0.0832848,0.00954634
9,1,0.104657,0.00983388
10,1e-07,nan,nan
10,3.16228e-07,nan,nan
10,1e-06,nan,nan
10,3.16228e-06,nan,nan
10,1e-05,nan,nan
10,3.16228e-05,nan,nan
10,0.0001,nan,nan
10,0.000316228,0.0396011,0.00750649
10,0.001,0.0296576,0.00292378
10,0.00316228,0.0336884,0.00308974
10,0.01,0.0392484,0.00386344
10,0.0316228,0.0498037,0.00506302
10,0.1,0.0599215,0.00621357
10,0.316228,0.0832848,0.00954634
10,1,0.104657,0.00983388
11,1e-07,nan,nan
11,3.16228e-07,nan,nan
11,1e-06,nan,nan
11,3.16228e-06,nan,nan
11,1e-05,nan,nan
11,3.16228e-05,nan,nan
11,0.0001,nan,nan
11,0.000316228,nan,nan
11,0.001,0.0304094,0.00301604
11,0.00316228,0.033679,0.00309192
11,0.01,0.0393773,0.00385736
11,0.0316228,0.0498037,0.00506302
11,0.1,0.0599215,0.00621357
11,0.316228,0.0832848,0.00954634
11,1,0.104657,0.00983388
12,1e-07,nan,nan
12,3.16228e-07,nan,nan
12,1e-06,nan,nan
12,3.16228e-06,nan,nan
12,1e-05,nan,nan
12,3.16228e-05,nan,nan
12,0.0001,nan,nan
12,0.000316228,0.0557215,0.0154204
12,0.001,nan,nan
12,0.00316228,0.0337419,0.00311669
12,0.01,0.0390994,0.00390087
12,0.0316228,0.0498037,0.00506302
12,0.1,0.0599215,0.00621357
12,0.316228,0.0832848,0.00954634
12,1,0.104657,0.00983388
13,1e-07,nan,nan
13,3.16228e-07,nan,nan
13,1e-06,nan,nan
13,3.16228e-06,nan,nan
13,1e-05,nan,nan
13,3.16228e-05,nan,nan
13,0.0001,nan,nan
13,0.000316228,nan,nan
13,0.001,nan,nan
13,0.00316228,0.0337235,0.0031149
13,0.01,0.0393743,0.00388512
13,0.0316228,0.0498037,0.00506302
13,0.1,0.0599215,0.00621357
13,0.316228,0.0832848,0.00954634
13,1,0.104657,0.00983388
14,1e-07,nan,nan
14,3.16228e-07,nan,nan
14,1e-06,nan,nan
14,3.16228e-06,nan,nan
14,1e-05,nan,nan
14,3.16228e-05,nan,nan
14,0.0001,nan,nan
14,0.000316228,nan,nan
14,0.001,nan,nan
14,0.00316228,0.0337235,0.0031149
14,0.01,0.038905,0.00389126
14,0.0316228,0.0498037,0.00506302
14,0.1,0.0599215,0.00621357
14,0.316228,0.0832848,0.00954634
14,1,0.104657,0.00983388
15,1e-07,nan,nan
15,3.16228e-07,nan,nan
15,1e-06,nan,nan
15,3.16228e-06,nan,nan
15,1e-05,nan,nan
15,3.16228e-05,nan,nan
15,0.0001,nan,nan
15,0.000316228,nan,nan
15,0.001,nan,nan
15,0.00316228,0.0337314,0.00310779
15,0.01,0.0390819,0.0038928
15,0.0316228,0.0498037,0.00506302
15,0.1,0.0599215,0.00621357
15,0.316228,0.0832848,0.00954634
15,1,0.104657,0.00983388
