degree,theta_1,theta_2,theta_3,theta_4,theta_5,theta_6,theta_7,theta_8,theta_9,theta_10,theta_11,theta_12,theta_13,theta_14,theta_15
1,-0.0386839,nan,nan,nan,nan,nan,nan,nan,nan,nan,nan,nan,nan,nan,nan
2,0.0129009,-0.220502,nan,nan,nan,nan,nan,nan,nan,nan,nan,nan,nan,nan,nan
3,-0.0238038,-0.224818,0.0416232,nan,nan,nan,nan,nan,nan,nan,nan,nan,nan,nan,nan
4,-0.0288937,-0.729627,0.017042,0.533486,nan,nan,nan,nan,nan,nan,nan,nan,nan,nan,nan
5,-0.089762,-0.737724,0.227103,0.542965,-0.159354,nan,nan,nan,nan,nan,nan,nan,nan,nan,nan
6,-0.0507904,-1.40593,0.0237855,2.31003,0.00739717,-1.14325,nan,nan,nan,nan,nan,nan,nan,nan,nan
7,-0.157919,-1.44174,0.756338,2.44747,-1.33566,-1.24761,0.724127,nan,nan,nan,nan,nan,nan,nan,nan
8,-0.13327,-2.18689,0.528211,6.21112,-0.739682,-7.10365,0.328774,2.8574,nan,nan,nan,nan,nan,nan,nan
9,-0.229376,-2.2189,1.52632,6.39706,-3.89809,-7.43649,4.18814,3.03911,-1.6143,nan,nan,nan,nan,nan,nan
10,-0.0812042,-3.17901,-0.115395,14.678,1.78138,-30.6516,-3.2436,29.3418,1.66962,-10.4549,nan,nan,nan,nan,nan
11,-0.058551,-3.15713,-0.464338,14.4382,3.60334,-29.8536,-7.28976,28.3249,5.67613,-10.0142,-1.45946,nan,nan,nan,nan
12,-0.0189238,-3.83662,-1.01396,22.5229,6.81108,-63.462,-15.6387,91.8656,15.1737,-66.0604,-5.3348,18.7387,nan,nan,nan
13,-0.0864891,-3.88528,0.495111,23.1699,-4.7303,-66.4084,22.9211,98.0286,-48.1169,-72.0858,45.0353,20.9624,-15.5542,nan,nan
14,-0.0528449,-4.24383,-0.223265,29.1768,1.03471,-103.64,2.61988,207.889,-13.0537,-238.687,15.6911,146.521,-6.02559,-37.2569,nan
15,-0.180793,-4.52106,3.66838,34.2692,-39.6051,-138.012,197.3,316.765,-501.249,-413.705,678.999,285.156,-468.437,-80.2629,129.557
